team1,team1score,team2,team2score,match_type,match_stage,player0_id,player0_rating,player0_kd,player1_id,player1_rating,player1_kd,player2_id,player2_rating,player2_kd,player3_id,player3_rating,player3_kd,player4_id,player4_rating,player4_kd,player5_id,player5_rating,player5_kd,player6_id,player6_rating,player6_kd,player7_id,player7_rating,player7_kd,player8_id,player8_rating,player8_kd,player9_id,player9_rating,player9_kd,team1_Ranking,team2_Ranking,team_1_won
FaZe,0,Spirit,3,BO5,GF,9960.0,1.16,1.14,11816.0,1.15,1.19,18053.0,1.08,1.1,8183.0,1.08,1.0,429.0,0.93,0.82,21167.0,1.49,1.51,16920,1.21,1.44,20423,1.13,1.06,18317,1.07,1.04,7716.0,0.99,0.93,2.0,14.0,0
Spirit,2,Falcons,0,BO3,SF,21167.0,1.46,1.47,16920.0,1.2,1.4,20423.0,1.14,1.07,18317.0,1.07,1.05,7716.0,1.0,0.94,19164.0,1.13,1.19,9032,1.1,1.05,19763,1.09,1.05,11777,1.05,1.02,922.0,0.83,0.73,14.0,11.0,1
MOUZ,0,FaZe,2,BO3,SF,18850.0,1.13,1.23,13666.0,1.12,1.0,20312.0,1.07,0.99,18072.0,1.07,1.11,16820.0,0.94,0.85,9960.0,1.18,1.18,11816,1.15,1.19,18053,1.11,1.13,8183,1.11,1.02,429.0,0.94,0.83,5.0,2.0,0
ENCE,1,Falcons,2,BO3,QF,16848.0,1.2,1.36,19114.0,1.06,1.0,15428.0,1.06,1.01,7412.0,0.99,0.92,16080.0,0.99,0.88,9032.0,1.12,1.07,19763,1.11,1.08,19164,1.11,1.14,11777,1.07,1.05,922.0,0.86,0.76,48.0,11.0,0
FaZe,2,G2,0,BO3,QF,9960.0,1.16,1.17,11816.0,1.16,1.21,18053.0,1.09,1.1,8183.0,1.07,0.97,429.0,0.94,0.83,19230.0,1.26,1.31,3741,1.13,1.11,3972,0.98,0.92,9618,0.96,0.89,10096.0,0.89,0.76,2.0,6.0,1
HEROIC,0,G2,2,BO3,G,9436.0,1.16,1.11,13602.0,1.14,1.18,12018.0,1.1,1.03,14148.0,1.05,0.97,19677.0,1.03,0.94,19230.0,1.26,1.32,3741,1.15,1.14,3972,0.98,0.91,9618,0.96,0.88,10096.0,0.9,0.78,31.0,6.0,0
MOUZ,2,ENCE,0,BO3,G,13666.0,1.16,1.07,18850.0,1.13,1.22,20312.0,1.1,1.02,18072.0,1.08,1.11,16820.0,0.97,0.88,16848.0,1.14,1.27,19114,1.06,0.96,15428,1.04,0.99,7412,1.03,0.99,16080.0,1.0,0.92,5.0,48.0,1
Falcons,2,Natus Vincere,0,BO3,G,9032.0,1.14,1.08,19164.0,1.14,1.2,19763.0,1.09,1.06,11777.0,1.04,1.02,922.0,0.85,0.75,20127.0,1.18,1.33,18987,1.12,1.05,14759,1.11,1.07,19206,1.09,1.01,9816.0,0.93,0.81,11.0,3.0,1
Spirit,2,FaZe,0,BO3,G,21167.0,1.45,1.45,16920.0,1.21,1.43,20423.0,1.12,1.06,18317.0,1.06,1.02,7716.0,1.0,0.94,11816.0,1.16,1.21,9960,1.15,1.16,18053,1.07,1.07,8183,1.06,0.98,429.0,0.94,0.83,14.0,2.0,1
Monte,1,G2,2,BO3,G,12731.0,1.11,1.09,16885.0,1.07,1.03,20282.0,1.05,0.95,16717.0,1.04,0.98,19733.0,1.04,0.99,19230.0,1.26,1.32,3741,1.15,1.14,3972,0.98,0.91,9618,0.96,0.88,10096.0,0.9,0.78,9.0,6.0,0
HEROIC,2,GamerLegion,1,BO3,G,9436.0,1.16,1.11,13602.0,1.14,1.18,12018.0,1.1,1.03,14148.0,1.05,0.97,19677.0,1.03,0.94,10330.0,1.02,1.01,20358,1.0,0.92,2553,0.98,0.92,17937,0.95,0.86,15117.0,0.9,0.82,31.0,19.0,1
Natus Vincere,2,Eternal Fire,1,BO3,G,20127.0,1.17,1.33,18987.0,1.14,1.07,14759.0,1.11,1.07,19206.0,1.1,1.03,9816.0,0.93,0.81,7938.0,1.27,1.17,21243,1.16,1.09,8574,1.09,1.11,8575,1.03,1.01,150.0,0.97,0.94,3.0,15.0,1
Complexity,1,Falcons,2,BO3,G,8738.0,1.23,1.18,12840.0,1.06,1.11,12713.0,1.06,0.98,13578.0,1.04,0.96,11630.0,0.98,0.9,9032.0,1.12,1.06,19164,1.11,1.14,19763,1.09,1.07,11777,1.04,1.01,922.0,0.85,0.75,7.0,11.0,0
G2,0,ENCE,2,BO3,G,19230.0,1.25,1.32,3741.0,1.11,1.08,3972.0,0.98,0.92,9618.0,0.95,0.87,10096.0,0.89,0.76,16848.0,1.21,1.38,15428,1.12,1.11,19114,1.1,1.01,7412,1.05,1.02,16080.0,1.0,0.92,6.0,48.0,0
GamerLegion,0,MOUZ,2,BO3,G,10330.0,1.04,1.04,20358.0,1.0,0.92,2553.0,0.98,0.92,17937.0,0.94,0.85,15117.0,0.9,0.81,13666.0,1.15,1.05,18850,1.12,1.21,20312,1.09,1.01,18072,1.07,1.09,16820.0,0.95,0.86,19.0,5.0,0
HEROIC,2,Vitality,1,BO3,G,13602.0,1.19,1.25,9436.0,1.17,1.11,12018.0,1.1,1.04,19677.0,1.04,0.95,14148.0,1.02,0.93,11893.0,1.37,1.53,18221,1.15,1.15,16693,1.14,1.09,7322,1.03,0.91,18462.0,1.0,0.92,31.0,1.0,1
Monte,2,Cloud9,0,BO3,G,12731.0,1.16,1.16,16885.0,1.1,1.05,20282.0,1.04,0.94,16717.0,1.04,0.96,19733.0,1.03,0.98,8918.0,1.19,1.13,16947,1.08,1.13,16555,1.06,0.95,8528,1.04,0.98,11840.0,1.0,0.88,9.0,8.0,1
Eternal Fire,1,FaZe,2,BO3,G,7938.0,1.28,1.18,21243.0,1.19,1.14,8574.0,1.1,1.12,8575.0,1.04,1.02,150.0,1.0,0.98,11816.0,1.18,1.23,9960,1.15,1.16,18053,1.11,1.1,8183,1.08,0.98,429.0,0.93,0.82,15.0,2.0,0
Falcons,2,Rebels,1,BO3,G,9032.0,1.13,1.08,19164.0,1.09,1.11,19763.0,1.07,1.05,11777.0,1.02,0.97,922.0,0.85,0.77,21715.0,1.01,0.99,21263,1.0,0.93,23295,0.97,0.88,20349,0.88,0.75,21265.0,0.83,0.75,11.0,118.0,1
Natus Vincere,2,Apeks,1,BO3,G,20127.0,1.15,1.29,18987.0,1.13,1.04,19206.0,1.1,1.01,14759.0,1.1,1.06,9816.0,0.93,0.82,13670.0,1.11,1.26,8248,1.07,0.93,18790,1.04,0.98,6904,0.95,0.88,17450.0,0.91,0.83,3.0,12.0,1
Spirit,2,Complexity,0,BO3,G,21167.0,1.43,1.43,16920.0,1.23,1.44,20423.0,1.13,1.07,18317.0,1.06,1.02,7716.0,0.99,0.93,8738.0,1.26,1.21,12713,1.06,0.98,13578,1.04,0.97,12840,1.04,1.08,11630.0,1.0,0.92,14.0,7.0,1
MOUZ,2,Cloud9,1,BO3,G,18850.0,1.13,1.24,13666.0,1.13,1.02,18072.0,1.07,1.09,20312.0,1.06,0.97,16820.0,0.94,0.85,8918.0,1.18,1.12,16947,1.09,1.15,16555,1.06,0.96,8528,1.04,0.99,11840.0,1.01,0.89,5.0,8.0,1
Monte,0,GamerLegion,2,BO3,G,12731.0,1.13,1.11,16885.0,1.09,1.05,20282.0,1.08,0.99,16717.0,1.01,0.91,19733.0,0.97,0.91,10330.0,1.05,1.06,20358,1.0,0.92,2553,0.99,0.92,17937,0.94,0.85,15117.0,0.92,0.83,9.0,19.0,0
Vitality,1,ENCE,2,BO3,G,11893.0,1.4,1.57,18221.0,1.17,1.18,16693.0,1.14,1.1,7322.0,1.02,0.92,18462.0,1.02,0.93,16848.0,1.2,1.36,15428,1.09,1.06,7412,1.04,1.01,19114,1.04,0.95,16080.0,0.98,0.91,1.0,48.0,0
Complexity,2,Apeks,0,BO3,G,8738.0,1.27,1.23,12713.0,1.08,1.01,13578.0,1.06,0.99,12840.0,1.05,1.1,11630.0,1.01,0.94,13670.0,1.11,1.27,8248,1.06,0.93,18790,1.06,0.99,17450,0.92,0.84,6904.0,0.89,0.81,7.0,12.0,1
Natus Vincere,1,Spirit,2,BO3,G,20127.0,1.15,1.3,18987.0,1.13,1.04,14759.0,1.1,1.07,19206.0,1.09,0.99,9816.0,0.93,0.82,21167.0,1.42,1.4,16920,1.21,1.41,20423,1.12,1.06,18317,1.05,1.0,7716.0,0.97,0.9,3.0,14.0,0
FaZe,2,Rebels,0,BO3,G,11816.0,1.19,1.24,9960.0,1.17,1.18,18053.0,1.11,1.1,8183.0,1.07,0.97,429.0,0.94,0.83,21263.0,0.99,0.93,23295,0.98,0.91,21715,0.95,0.92,20349,0.86,0.74,21265.0,0.85,0.78,2.0,118.0,1
G2,2,HEROIC,1,BO3,G,19230.0,1.27,1.34,3741.0,1.12,1.1,3972.0,1.0,0.95,9618.0,0.95,0.86,10096.0,0.89,0.77,13602.0,1.22,1.27,9436,1.16,1.08,12018,1.08,1.02,14148,1.05,0.96,19677.0,1.02,0.94,6.0,31.0,1
Falcons,0,Eternal Fire,2,BO3,G,19164.0,1.14,1.22,9032.0,1.12,1.09,11777.0,0.98,0.93,19763.0,0.96,0.88,922.0,0.83,0.74,7938.0,1.29,1.2,21243,1.19,1.14,8574,1.11,1.13,8575,1.05,1.04,150.0,1.01,1.01,11.0,15.0,0
G2,2,Liquid,0,BO3,NA,19230.0,1.22,1.26,3741.0,1.12,1.11,3972.0,1.01,0.96,9618.0,0.96,0.88,10096.0,0.9,0.78,8520.0,1.25,1.32,10394,1.22,1.28,13915,1.18,1.12,18676,1.11,1.11,7964.0,1.1,1.15,7.0,48.0,1
Astralis,2,BIG,1,BO3,NA,15165.0,1.19,1.23,7592.0,1.15,1.17,10994.0,1.1,1.04,20304.0,1.05,1.0,17956.0,1.02,1.0,19899.0,1.17,1.28,10981,1.16,1.22,5794,1.15,1.04,19284,1.04,0.97,20104.0,1.02,0.94,19.0,16.0,1
Virtus.pro,2,BIG,0,BO3,G,12732.0,1.22,1.16,13776.0,1.17,1.33,20101.0,1.11,1.11,16612.0,1.09,1.0,8789.0,1.04,1.0,19899.0,1.18,1.28,10981,1.16,1.24,5794,1.16,1.06,19284,1.04,0.97,20104.0,1.02,0.94,5.0,16.0,1
Liquid,0,FaZe,2,BO3,G,8520.0,1.26,1.35,10394.0,1.25,1.32,13915.0,1.2,1.14,7964.0,1.13,1.18,18676.0,1.11,1.12,11816.0,1.21,1.28,9960,1.13,1.1,18053,1.11,1.11,8183,1.07,0.97,429.0,0.94,0.84,48.0,2.0,0
Natus Vincere,2,G2,0,BO3,G,18987.0,1.17,1.1,20127.0,1.16,1.31,14759.0,1.14,1.12,19206.0,1.09,0.97,9816.0,0.95,0.84,19230.0,1.23,1.26,3741,1.11,1.1,3972,0.99,0.93,9618,0.95,0.89,10096.0,0.89,0.77,4.0,7.0,1
Astralis,1,Vitality,2,BO3,G,15165.0,1.19,1.23,7592.0,1.18,1.21,10994.0,1.1,1.03,17956.0,1.05,1.03,20304.0,1.04,0.98,11893.0,1.41,1.61,18221,1.2,1.23,16693,1.14,1.1,7322,1.03,0.93,18462.0,1.03,0.94,19.0,1.0,0
Cloud9,0,BIG,2,BO3,G,8918.0,1.14,1.09,16947.0,1.09,1.16,8528.0,1.06,1.03,16555.0,1.04,0.95,11840.0,1.0,0.89,19899.0,1.19,1.31,5794,1.18,1.07,10981,1.17,1.26,19284,1.04,0.96,20104.0,1.03,0.94,9.0,16.0,0
GamerLegion,1,FaZe,2,BO3,G,20358.0,0.98,0.89,10330.0,0.97,0.96,2553.0,0.96,0.89,17937.0,0.92,0.82,15117.0,0.91,0.82,11816.0,1.21,1.27,9960,1.13,1.1,18053,1.12,1.12,8183,1.07,0.97,429.0,0.94,0.83,18.0,2.0,0
G2,2,Ninjas in Pyjamas,0,BO3,G,19230.0,1.23,1.27,3741.0,1.14,1.14,3972.0,0.99,0.93,9618.0,0.97,0.92,10096.0,0.88,0.75,9278.0,1.13,1.08,19592,1.07,1.07,9078,1.07,1.02,8611,0.92,0.79,8371.0,0.9,0.82,7.0,25.0,1
Vitality,2,Falcons,1,BO3,G,11893.0,1.4,1.6,18221.0,1.22,1.24,16693.0,1.16,1.11,7322.0,1.04,0.95,18462.0,1.04,0.95,19164.0,1.26,1.47,9032,1.17,1.14,19763,1.01,0.93,11777,0.96,0.92,922.0,0.87,0.78,1.0,10.0,1
BIG,2,HEROIC,1,BO3,G,5794.0,1.19,1.09,19899.0,1.19,1.32,10981.0,1.18,1.27,19284.0,1.04,0.96,20104.0,1.03,0.96,13602.0,1.22,1.26,9436,1.22,1.16,12018,1.11,1.04,14148,1.05,0.97,19677.0,1.04,0.94,16.0,49.0,1
Virtus.pro,2,Cloud9,1,BO3,G,12732.0,1.22,1.14,13776.0,1.16,1.32,20101.0,1.1,1.12,16612.0,1.08,0.99,8789.0,1.04,0.99,8918.0,1.16,1.12,16947,1.09,1.16,8528,1.07,1.04,16555,1.06,0.96,11840.0,1.01,0.9,5.0,9.0,1
FaZe,2,Spirit,0,BO3,G,11816.0,1.2,1.26,9960.0,1.12,1.1,18053.0,1.12,1.1,8183.0,1.06,0.96,429.0,0.94,0.84,21167.0,1.37,1.33,20423,1.12,1.04,16920,1.08,1.18,18317,1.07,1.05,7716.0,0.94,0.86,2.0,13.0,1
GamerLegion,0,Liquid,2,BO3,G,20358.0,0.99,0.91,10330.0,0.99,0.97,2553.0,0.96,0.87,15117.0,0.92,0.83,17937.0,0.91,0.81,8520.0,1.29,1.42,10394,1.27,1.33,13915,1.22,1.16,7964,1.14,1.19,18676.0,1.13,1.18,18.0,48.0,0
Cloud9,2,HEROIC,0,BO3,G,8918.0,1.17,1.13,16947.0,1.08,1.15,8528.0,1.08,1.04,16555.0,1.08,0.98,11840.0,1.03,0.92,13602.0,1.24,1.3,9436,1.22,1.16,12018,1.12,1.05,14148,1.06,0.98,19677.0,1.06,0.96,9.0,49.0,1
Virtus.pro,2,BIG,0,BO3,G,12732.0,1.22,1.14,13776.0,1.16,1.32,20101.0,1.1,1.12,16612.0,1.09,0.99,8789.0,1.05,1.0,19899.0,1.2,1.34,10981,1.19,1.29,5794,1.18,1.08,19284,1.03,0.96,20104.0,1.03,0.94,5.0,16.0,1
Spirit,1,Liquid,2,BO3,G,21167.0,1.37,1.34,16920.0,1.14,1.26,20423.0,1.12,1.04,18317.0,1.07,1.04,7716.0,0.96,0.88,8520.0,1.27,1.39,10394,1.26,1.31,13915,1.21,1.14,18676,1.14,1.18,7964.0,1.13,1.16,13.0,48.0,0
FaZe,0,GamerLegion,2,BO3,G,11816.0,1.2,1.27,18053.0,1.1,1.08,9960.0,1.06,0.97,8183.0,1.05,0.94,429.0,0.94,0.84,10330.0,1.02,1.02,20358,1.01,0.92,2553,0.99,0.9,17937,0.92,0.82,15117.0,0.92,0.83,2.0,18.0,0
OG,0,Falcons,2,BO3,G,20447.0,1.23,1.26,20872.0,1.06,0.87,20123.0,1.03,1.05,19044.0,0.96,0.88,12781.0,0.92,0.81,19164.0,1.37,1.62,9032,1.07,1.02,11777,1.04,1.12,19763,1.0,0.97,922.0,0.92,0.81,39.0,10.0,0
Vitality,1,Astralis,2,BO3,G,11893.0,1.4,1.61,18221.0,1.24,1.27,16693.0,1.16,1.12,7322.0,1.07,1.0,18462.0,1.04,0.95,15165.0,1.22,1.25,7592,1.19,1.22,10994,1.13,1.09,17956,1.05,1.02,20304.0,1.04,0.98,1.0,19.0,0
Ninjas in Pyjamas,2,Complexity,0,BO3,G,9278.0,1.13,1.07,9078.0,1.09,1.04,19592.0,1.09,1.09,8611.0,0.92,0.78,8371.0,0.89,0.82,8738.0,1.24,1.18,12713,1.06,0.97,12840,1.04,1.09,13578,1.01,0.94,11630.0,0.98,0.9,25.0,8.0,1
G2,1,Natus Vincere,2,BO3,G,19230.0,1.21,1.24,3741.0,1.14,1.15,3972.0,0.99,0.93,9618.0,0.95,0.88,10096.0,0.87,0.74,20127.0,1.16,1.32,18987,1.15,1.06,14759,1.14,1.12,19206,1.08,0.97,9816.0,0.95,0.85,7.0,4.0,0
Astralis,2,Falcons,0,BO3,G,15165.0,1.23,1.26,7592.0,1.18,1.23,10994.0,1.12,1.05,20304.0,1.05,1.0,17956.0,1.04,1.02,19164.0,0.98,0.92,19763,0.92,0.86,9032,0.91,0.85,922,0.77,0.71,11777.0,0.72,0.74,19.0,10.0,1
Vitality,2,OG,0,BO3,G,11893.0,1.4,1.6,18221.0,1.24,1.27,16693.0,1.18,1.16,7322.0,1.13,1.08,18462.0,1.09,1.03,20447.0,1.27,1.33,20872,1.11,0.93,20123,1.04,1.07,19044,0.99,0.9,12781.0,0.93,0.84,1.0,39.0,1
Natus Vincere,2,Complexity,0,BO3,G,20127.0,1.15,1.29,18987.0,1.13,1.04,14759.0,1.12,1.1,19206.0,1.1,0.99,9816.0,0.96,0.87,8738.0,1.26,1.21,12713,1.08,1.0,12840,1.07,1.11,13578,1.02,0.94,11630.0,0.97,0.9,4.0,8.0,1
G2,2,Ninjas in Pyjamas,0,BO3,G,19230.0,1.2,1.23,3741.0,1.13,1.12,3972.0,1.04,0.99,9618.0,0.98,0.91,10096.0,0.88,0.75,9278.0,1.14,1.07,19592,1.07,1.07,9078,1.07,1.02,8611,0.9,0.76,8371.0,0.84,0.76,7.0,25.0,1
Virtus.pro,2,Apeks,0,BO3,GF,13776.0,1.17,1.36,12732.0,1.16,1.08,20101.0,1.08,1.09,16612.0,1.05,0.96,8789.0,1.05,1.01,13670.0,1.12,1.28,8248,1.1,0.97,18790,1.06,0.98,19677,1.03,0.97,17450.0,0.95,0.88,10.0,13.0,1
Apeks,2,Monte,1,BO3,SF,13670.0,1.12,1.28,8248.0,1.1,0.97,18790.0,1.06,0.98,19677.0,1.03,0.97,17450.0,0.95,0.88,16885.0,1.16,1.19,20282,1.12,1.06,12731,1.12,1.07,16717,1.1,1.02,19733.0,1.08,1.04,13.0,7.0,1
Virtus.pro,2,TheMongolz,0,BO3,SF,13776.0,1.17,1.36,12732.0,1.16,1.08,20101.0,1.08,1.09,16612.0,1.05,0.96,8789.0,1.05,1.01,20194.0,1.16,1.13,21809,1.13,1.15,20903,1.13,1.07,20275,1.07,1.02,21001.0,1.03,0.95,10.0,39.0,1
Monte,2,BESTIA,0,BO3,G,16885.0,1.16,1.2,20282.0,1.13,1.06,12731.0,1.12,1.07,16717.0,1.1,1.03,19733.0,1.08,1.03,20394.0,1.14,1.03,22570,1.09,1.06,2161,1.04,1.01,14737,1.01,0.93,17039.0,1.0,0.93,7.0,68.0,1
TheMongolz,2,Complexity,0,BO3,G,20194.0,1.18,1.16,20903.0,1.14,1.08,21809.0,1.13,1.16,20275.0,1.09,1.03,21001.0,1.05,0.96,8738.0,1.18,1.14,12713,1.1,1.03,12840,1.07,1.11,13578,1.06,1.02,11630.0,0.96,0.88,39.0,5.0,1
BESTIA,2,M80,0,BO3,G,20394.0,1.14,1.03,22570.0,1.09,1.06,2161.0,1.04,1.01,14737.0,1.01,0.93,17039.0,1.0,0.93,15370.0,1.23,1.42,16599,1.19,1.1,11617,1.16,1.1,17378,1.12,1.14,15349.0,1.06,0.97,68.0,40.0,1
GamerLegion,1,Complexity,2,BO3,G,20358.0,1.03,0.96,10330.0,1.02,1.02,2553.0,0.99,0.9,15117.0,0.94,0.84,17937.0,0.91,0.78,8738.0,1.18,1.14,12713,1.1,1.03,12840,1.07,1.11,13578,1.06,1.02,11630.0,0.96,0.88,15.0,5.0,0
Apeks,13,TheMongolz,6,BO1,G,13670.0,1.14,1.31,8248.0,1.11,0.99,18790.0,1.07,0.99,19677.0,1.03,0.97,17450.0,0.96,0.91,20194.0,1.18,1.16,20903,1.14,1.08,21809,1.13,1.16,20275,1.09,1.03,21001.0,1.05,0.96,13.0,39.0,1
Monte,6,Virtus.pro,13,BO1,G,16885.0,1.17,1.21,20282.0,1.11,1.04,12731.0,1.1,1.04,16717.0,1.08,1.01,19733.0,1.07,1.02,13776.0,1.17,1.36,12732,1.16,1.07,20101,1.06,1.08,8789,1.04,0.99,16612.0,1.04,0.94,7.0,10.0,0
Complexity,14,TheMongolz,16,BO1,G,8738.0,1.19,1.14,12713.0,1.11,1.04,13578.0,1.06,1.02,12840.0,1.05,1.09,11630.0,0.95,0.86,20194.0,1.18,1.14,21809,1.14,1.18,20903,1.12,1.05,20275,1.09,1.04,21001.0,1.07,0.99,5.0,39.0,0
Apeks,13,GamerLegion,11,BO1,G,13670.0,1.13,1.29,8248.0,1.11,0.99,18790.0,1.06,0.99,19677.0,1.04,0.98,17450.0,0.96,0.9,2553.0,1.03,0.95,20358,1.03,0.96,10330,1.0,1.0,15117,0.95,0.85,17937.0,0.91,0.8,13.0,15.0,1
M80,8,Virtus.pro,13,BO1,G,15370.0,1.24,1.44,16599.0,1.19,1.09,11617.0,1.16,1.11,17378.0,1.13,1.15,15349.0,1.06,0.97,13776.0,1.17,1.36,12732,1.16,1.07,20101,1.06,1.08,8789,1.04,0.99,16612.0,1.04,0.94,40.0,10.0,0
Monte,13,BESTIA,8,BO1,G,16885.0,1.17,1.21,20282.0,1.11,1.04,12731.0,1.1,1.04,16717.0,1.08,1.01,19733.0,1.07,1.02,20394.0,1.15,1.04,22570,1.08,1.05,2161,1.04,1.02,14737,1.02,0.95,17039.0,1.0,0.93,7.0,68.0,1
FaZe,0,Vitality,2,BO3,GF,11816.0,1.19,1.24,18053.0,1.13,1.12,9960.0,1.09,1.02,8183.0,1.07,0.97,429.0,0.92,0.81,11893.0,1.3,1.39,18221,1.18,1.18,16693,1.07,1.02,18462,1.07,1.0,7322.0,1.01,0.93,1.0,2.0,0
Vitality,2,Natus Vincere,0,BO3,SF,11893.0,1.27,1.35,18221.0,1.18,1.19,18462.0,1.08,1.01,16693.0,1.06,0.99,7322.0,1.02,0.93,18987.0,1.15,1.13,20127,1.1,1.16,14759,1.08,1.01,19206,1.05,0.97,9816.0,0.97,0.89,2.0,8.0,1
FaZe,2,MOUZ,0,BO3,SF,11816.0,1.19,1.25,18053.0,1.13,1.12,9960.0,1.11,1.13,8183.0,1.07,0.98,429.0,0.93,0.81,18072.0,1.16,1.25,18850,1.14,1.23,20312,1.11,1.01,16820,0.97,0.89,,,,1.0,3.0,1
Natus Vincere,2,G2,1,BO3,QF,18987.0,1.15,1.14,20127.0,1.13,1.22,14759.0,1.09,1.03,19206.0,1.07,1.0,9816.0,0.97,0.88,19230.0,1.18,1.18,3741,1.08,1.05,3972,1.05,0.99,9618,0.97,0.88,10096.0,0.87,0.77,8.0,6.0,1
Cloud9,0,MOUZ,2,BO3,QF,8918.0,1.12,1.05,16555.0,1.08,1.02,16947.0,1.05,1.09,8528.0,1.0,0.92,11840.0,0.94,0.85,18850.0,1.16,1.26,18072,1.15,1.24,20312,1.12,1.01,16820,0.98,0.9,,,,11.0,3.0,0
FaZe,2,G2,1,BO3,G,11816.0,1.19,1.27,18053.0,1.14,1.14,9960.0,1.1,1.04,8183.0,1.08,0.99,429.0,0.92,0.8,19230.0,1.19,1.2,3741,1.09,1.07,3972,1.05,0.98,9618,0.99,0.91,10096.0,0.87,0.76,1.0,6.0,1
HEROIC,0,MOUZ,2,BO3,G,7398.0,1.14,1.07,12018.0,1.06,0.95,14148.0,1.0,0.9,20090.0,0.98,0.94,,,,18850.0,1.16,1.26,18072,1.14,1.23,20312,1.11,1.0,16820,0.97,0.88,,,,22.0,3.0,0
Cloud9,0,Vitality,2,BO3,G,8918.0,1.13,1.06,16555.0,1.09,1.02,16947.0,1.05,1.1,8528.0,1.01,0.94,11840.0,0.96,0.88,11893.0,1.26,1.31,18221,1.19,1.19,18462,1.06,1.02,16693,1.04,0.98,7322.0,0.98,0.88,11.0,2.0,0
ENCE,1,Natus Vincere,2,BO3,G,9436.0,1.13,1.09,19164.0,1.12,1.16,11777.0,1.03,0.99,16080.0,0.98,0.89,7412.0,0.98,0.91,18987.0,1.16,1.16,20127,1.13,1.22,19206,1.08,1.03,14759,1.07,1.01,9816.0,0.99,0.9,4.0,8.0,0
MOUZ,0,G2,2,BO3,G,18850.0,1.15,1.25,18072.0,1.13,1.22,20312.0,1.11,1.0,16820.0,0.96,0.87,,,,19230.0,1.2,1.2,3741,1.06,1.04,3972,1.05,0.97,9618,0.99,0.89,10096.0,0.89,0.79,3.0,6.0,0
FaZe,2,HEROIC,0,BO3,G,11816.0,1.21,1.3,18053.0,1.16,1.16,9960.0,1.13,1.23,8183.0,1.09,0.99,429.0,0.92,0.81,7398.0,1.17,1.11,12018,1.08,0.97,14148,1.01,0.9,20090,0.98,0.95,,,,1.0,22.0,1
Vitality,2,Natus Vincere,0,BO3,G,11893.0,1.24,1.27,18221.0,1.19,1.2,16693.0,1.04,0.98,18462.0,1.02,0.95,7322.0,0.97,0.86,18987.0,1.15,1.16,20127,1.12,1.18,19206,1.1,1.06,14759,1.06,1.01,9816.0,1.01,0.9,2.0,8.0,1
Cloud9,2,ENCE,0,BO3,G,8918.0,1.14,1.07,16555.0,1.09,1.04,16947.0,1.06,1.11,8528.0,1.01,0.93,11840.0,0.97,0.9,9436.0,1.15,1.12,19164,1.13,1.17,11777,1.04,0.99,16080,1.0,0.9,7412.0,0.96,0.89,11.0,4.0,1
Nigma Galaxy,2,NAVI Javelins,0,BO3,GF,12758.0,1.41,1.73,16497.0,1.27,1.26,21756.0,1.25,1.27,1572.0,1.21,1.14,18775.0,1.2,1.21,22062.0,1.29,1.43,22065,1.18,1.13,16760,1.17,1.1,22063,1.17,1.18,21727.0,1.09,1.03,175.0,170.0,1
Fluxo Demons,0,NAVI Javelins,2,BO3,SF,21801.0,1.23,1.36,20502.0,1.17,1.18,21800.0,1.12,1.08,21799.0,1.09,1.04,17287.0,1.0,0.89,22062.0,1.29,1.43,22065,1.18,1.13,16760,1.17,1.1,22063,1.17,1.18,21727.0,1.09,1.03,188.0,170.0,0
9 Pandas Fearless,0,Nigma Galaxy,2,BO3,SF,18781.0,1.13,1.09,18773.0,1.12,1.02,10285.0,1.11,0.98,18780.0,1.07,1.13,18778.0,1.04,0.94,12758.0,1.41,1.73,16497,1.27,1.26,21756,1.25,1.27,1572,1.21,1.14,18775.0,1.2,1.21,193.0,175.0,0
Nigma Galaxy,2,HSG fe,1,BO3,G,12758.0,1.44,1.8,16497.0,1.25,1.25,18775.0,1.22,1.22,21756.0,1.18,1.17,1572.0,1.17,1.11,11215.0,1.29,1.24,19844,1.16,1.01,15964,1.11,1.16,10743,1.06,0.98,19103.0,0.94,0.87,175.0,,1
NAVI Javelins,2,FURIA fe,1,BO3,G,22065.0,1.26,1.24,22062.0,1.25,1.4,22063.0,1.24,1.27,16760.0,1.19,1.14,21727.0,1.15,1.14,21219.0,1.36,1.65,17288,1.32,1.27,11872,1.22,1.27,16341,1.21,1.29,20503.0,1.19,1.15,170.0,160.0,1
HSG fe,2,FlyQuest RED,0,BO3,G,11215.0,1.29,1.24,19844.0,1.16,1.01,15964.0,1.11,1.16,10743.0,1.06,0.98,19103.0,0.94,0.87,21793.0,1.38,1.45,18641,1.37,1.44,22066,1.29,1.43,8850,1.21,1.22,21732.0,1.03,1.04,,178.0,1
FURIA fe,2,Shimmer,0,BO3,G,21219.0,1.37,1.68,17288.0,1.36,1.31,11872.0,1.26,1.34,16341.0,1.25,1.37,20503.0,1.24,1.2,22302.0,1.41,1.34,23060,1.2,1.16,23058,0.97,0.92,23613,0.94,0.89,13326.0,0.9,0.81,160.0,201.0,1
9 Pandas Fearless,13,NAVI Javelins,3,BO1,G,18781.0,1.14,1.09,18773.0,1.13,1.03,10285.0,1.11,0.99,18780.0,1.11,1.18,18778.0,1.07,0.97,22063.0,1.27,1.34,22065,1.26,1.23,22062,1.26,1.47,21727,1.23,1.26,16760.0,1.22,1.18,193.0,170.0,1
Nigma Galaxy,6,Fluxo Demons,13,BO1,G,12758.0,1.41,1.86,16497.0,1.3,1.31,18775.0,1.25,1.32,1572.0,1.21,1.17,21756.0,1.19,1.19,21801.0,1.25,1.39,20502,1.2,1.22,21800,1.14,1.11,21799,1.11,1.07,17287.0,1.01,0.92,175.0,188.0,0
NAVI Javelins,13,Shimmer,7,BO1,G,22063.0,1.27,1.34,22065.0,1.26,1.23,22062.0,1.26,1.47,21727.0,1.23,1.26,16760.0,1.22,1.18,22302.0,1.41,1.34,23060,1.2,1.16,23058,0.97,0.92,23613,0.94,0.89,13326.0,0.9,0.81,170.0,201.0,1
FURIA fe,10,9 Pandas Fearless,13,BO1,G,21219.0,1.37,1.68,17288.0,1.36,1.31,11872.0,1.26,1.34,16341.0,1.25,1.37,20503.0,1.24,1.2,18781.0,1.14,1.09,18773,1.13,1.03,10285,1.11,0.99,18780,1.11,1.18,18778.0,1.07,0.97,160.0,193.0,0
FlyQuest RED,12,Fluxo Demons,16,BO1,G,21793.0,1.47,1.61,18641.0,1.42,1.53,22066.0,1.35,1.57,8850.0,1.26,1.31,21732.0,1.08,1.12,21801.0,1.25,1.39,20502,1.2,1.22,21800,1.14,1.11,21799,1.11,1.07,17287.0,1.01,0.92,178.0,188.0,0
Nigma Galaxy,13,HSG fe,10,BO1,G,12758.0,1.41,1.86,16497.0,1.3,1.31,18775.0,1.25,1.32,1572.0,1.21,1.17,21756.0,1.19,1.19,19844.0,1.39,1.31,11215,1.33,1.23,15964,1.25,1.29,10743,1.15,1.07,19103.0,0.83,0.81,175.0,,1
Virtus.pro,2,Spirit,3,BO5,GF,13776.0,1.16,1.36,12732.0,1.16,1.07,20101.0,1.05,1.06,8789.0,1.04,0.99,16612.0,1.03,0.93,21167.0,1.35,1.35,21348,1.17,1.34,20423,1.12,1.05,18317,1.06,1.05,7716.0,0.98,0.9,12.0,18.0,0
MIBR,0,Spirit,2,BO3,SF,21037.0,1.15,1.1,20987.0,1.11,1.05,11154.0,1.09,1.1,18835.0,1.07,1.08,19750.0,0.98,0.91,21167.0,1.36,1.36,21348,1.17,1.34,20423,1.12,1.05,18317,1.06,1.05,7716.0,0.99,0.92,19.0,18.0,0
BetBoom,0,Virtus.pro,2,BO3,SF,15662.0,1.13,1.13,18506.0,1.06,1.01,16921.0,1.04,0.95,19920.0,1.04,0.95,22039.0,1.0,0.92,13776.0,1.17,1.39,12732,1.16,1.07,20101,1.05,1.06,8789,1.04,1.0,16612.0,1.03,0.95,16.0,12.0,0
Spirit,2,FURIA,0,BO3,G,21167.0,1.36,1.36,21348.0,1.17,1.34,20423.0,1.11,1.04,18317.0,1.05,1.03,7716.0,0.98,0.91,15631.0,1.14,1.15,12553,1.12,1.08,12521,0.98,0.88,2023,0.98,1.0,10566.0,0.97,0.9,18.0,9.0,1
BetBoom,2,Cloud9,0,BO3,G,15662.0,1.13,1.12,18506.0,1.08,1.03,19920.0,1.05,0.96,16921.0,1.05,0.96,22039.0,1.0,0.92,8918.0,1.13,1.06,16555,1.09,1.03,16947,1.06,1.11,8528,1.01,0.93,11840.0,0.96,0.89,16.0,10.0,1
Astralis,0,FURIA,2,BO3,G,15165.0,1.16,1.2,7592.0,1.13,1.13,17956.0,0.97,0.95,20304.0,0.96,0.88,10994.0,0.8,0.61,15631.0,1.14,1.15,12553,1.12,1.09,12521,0.99,0.89,2023,0.99,1.01,10566.0,0.98,0.91,15.0,9.0,0
Cloud9,1,MIBR,2,BO3,G,8918.0,1.13,1.06,16555.0,1.09,1.03,16947.0,1.07,1.13,8528.0,1.01,0.94,11840.0,0.97,0.9,21037.0,1.14,1.09,20987,1.11,1.05,18835,1.09,1.13,11154,1.08,1.1,19750.0,0.99,0.91,10.0,19.0,0
Virtus.pro,2,Spirit,0,BO3,G,13776.0,1.16,1.37,12732.0,1.15,1.06,20101.0,1.05,1.06,8789.0,1.05,1.01,16612.0,1.03,0.94,21167.0,1.35,1.34,21348,1.17,1.34,20423,1.1,1.03,18317,1.05,1.03,7716.0,0.99,0.92,12.0,18.0,1
GamerLegion,0,BetBoom,2,BO3,G,2553.0,1.04,0.96,20358.0,1.03,0.96,10330.0,1.01,1.01,15117.0,0.97,0.88,17937.0,0.94,0.82,15662.0,1.12,1.1,18506,1.07,1.03,19920,1.05,0.97,16921,1.04,0.96,22039.0,1.0,0.91,13.0,16.0,0
FURIA,0,Spirit,2,BO3,G,15631.0,1.14,1.14,12553.0,1.11,1.07,2023.0,1.0,1.02,12521.0,0.99,0.88,10566.0,0.98,0.91,21167.0,1.37,1.35,21348,1.17,1.34,20423,1.11,1.04,18317,1.06,1.04,7716.0,1.0,0.93,9.0,18.0,0
Astralis,1,Virtus.pro,2,BO3,G,15165.0,1.18,1.21,7592.0,1.15,1.16,20304.0,0.99,0.91,17956.0,0.82,0.74,10994.0,0.7,0.56,13776.0,1.17,1.38,12732,1.16,1.06,8789,1.05,1.01,20101,1.04,1.05,16612.0,1.02,0.93,15.0,12.0,0
MIBR,2,BetBoom,0,BO3,G,21037.0,1.15,1.1,18835.0,1.09,1.12,20987.0,1.09,1.03,11154.0,1.08,1.1,19750.0,0.99,0.91,15662.0,1.11,1.09,18506,1.06,1.01,16921,1.05,0.96,19920,1.05,0.96,22039.0,0.98,0.9,19.0,16.0,1
GamerLegion,0,Cloud9,2,BO3,G,20358.0,1.05,0.99,2553.0,1.05,0.97,10330.0,1.02,1.02,15117.0,0.97,0.86,17937.0,0.95,0.84,8918.0,1.14,1.08,16555,1.09,1.03,16947,1.07,1.13,8528,1.0,0.92,11840.0,0.97,0.91,13.0,10.0,0
Apeks,1,FURIA,3,BO5,GF,13670.0,1.14,1.3,8248.0,1.1,0.99,18790.0,1.07,0.98,19677.0,1.02,0.95,17450.0,0.95,0.9,15631.0,1.16,1.17,12553,1.13,1.09,2023,1.02,1.06,12521,1.01,0.91,10566.0,1.0,0.94,19.0,16.0,0
HAVU,0,FURIA,2,BO3,SF,20625.0,1.02,0.92,11283.0,0.97,0.98,9271.0,0.95,0.83,9818.0,0.95,0.91,20593.0,0.89,0.78,15631.0,1.16,1.17,12553,1.13,1.09,2023,1.0,1.03,12521,1.0,0.91,10566.0,0.99,0.92,127.0,16.0,0
Apeks,2,ENCE,0,BO3,SF,13670.0,1.14,1.29,8248.0,1.11,1.0,18790.0,1.07,0.99,19677.0,1.02,0.96,17450.0,0.96,0.91,9436.0,1.2,1.21,19164,1.16,1.24,11777,1.04,0.98,16080,1.03,0.93,7412.0,1.03,0.99,19.0,4.0,1
FURIA,2,MOUZ,0,BO3,G,15631.0,1.14,1.14,12553.0,1.12,1.1,2023.0,1.0,1.03,12521.0,0.99,0.9,10566.0,0.98,0.92,9960.0,1.17,1.19,18072,1.14,1.24,18850,1.13,1.21,20312,1.11,1.01,16820.0,0.98,0.88,16.0,3.0,1
GamerLegion,1,ENCE,2,BO3,G,2553.0,1.08,1.01,20358.0,1.02,0.96,10330.0,1.0,1.0,17937.0,0.95,0.85,15117.0,0.93,0.85,9436.0,1.22,1.23,19164,1.15,1.23,11777,1.04,0.99,16080,1.04,0.93,7412.0,1.01,0.96,12.0,4.0,0
MOUZ,2,Complexity,1,BO3,G,9960.0,1.19,1.21,18072.0,1.15,1.25,18850.0,1.14,1.22,20312.0,1.11,1.01,16820.0,0.98,0.88,8738.0,1.2,1.16,12713,1.12,1.07,13578,1.08,1.06,12840,1.07,1.11,11630.0,0.95,0.86,3.0,5.0,1
Apeks,2,FURIA,0,BO3,G,13670.0,1.13,1.28,8248.0,1.12,1.01,18790.0,1.07,0.99,19677.0,1.02,0.96,17450.0,0.96,0.91,15631.0,1.17,1.18,12553,1.13,1.1,12521,1.0,0.91,2023,0.99,1.02,10566.0,0.98,0.91,19.0,16.0,1
Complexity,8,FURIA,13,BO1,G,8738.0,1.2,1.16,12713.0,1.12,1.07,13578.0,1.08,1.06,12840.0,1.07,1.11,11630.0,0.95,0.86,15631.0,1.17,1.18,12553,1.13,1.1,12521,1.0,0.91,2023,0.99,1.02,10566.0,0.98,0.91,5.0,16.0,0
MOUZ,16,Apeks,19,BO1,G,9960.0,1.19,1.21,18072.0,1.15,1.25,18850.0,1.14,1.22,20312.0,1.11,1.01,16820.0,0.98,0.88,13670.0,1.13,1.28,8248,1.12,1.01,18790,1.07,0.99,19677,1.02,0.96,17450.0,0.96,0.91,3.0,19.0,0
ENCE,2,fnatic,1,BO3,G,9436.0,1.2,1.22,19164.0,1.17,1.27,16080.0,1.04,0.93,11777.0,1.03,0.98,7412.0,0.97,0.9,7528.0,1.02,1.01,19926,0.99,0.95,21062,0.92,0.84,8374,0.81,0.75,20170.0,0.74,0.6,4.0,,1
HAVU,2,GamerLegion,1,BO3,G,20625.0,1.04,0.95,11283.0,0.99,1.0,9818.0,0.96,0.93,9271.0,0.95,0.82,20593.0,0.9,0.79,2553.0,1.06,0.99,20358,1.04,0.98,10330,0.99,0.99,17937,0.95,0.86,15117.0,0.95,0.86,127.0,12.0,1
GamerLegion,13,fnatic,8,BO1,G,2553.0,1.06,0.99,20358.0,1.04,0.98,10330.0,0.99,0.99,17937.0,0.95,0.86,15117.0,0.95,0.86,7528.0,1.02,1.01,19926,0.99,0.95,21062,0.92,0.84,8374,0.81,0.75,20170.0,0.74,0.6,12.0,,1
ENCE,6,HAVU,13,BO1,G,9436.0,1.2,1.22,19164.0,1.17,1.27,16080.0,1.04,0.93,11777.0,1.03,0.98,7412.0,0.97,0.9,20625.0,1.04,0.95,11283,0.99,1.0,9818,0.96,0.93,9271,0.95,0.82,20593.0,0.9,0.79,4.0,127.0,0
Monte,2,Eternal Fire,0,BO3,GF,16885.0,1.15,1.18,12731.0,1.1,1.06,20282.0,1.08,1.01,19733.0,1.08,1.02,16717.0,1.04,0.97,7938.0,1.28,1.24,21243,1.09,1.03,8574,1.05,1.08,8575,0.96,0.94,150.0,0.92,0.83,7.0,14.0,1
Eternal Fire,2,MIBR,1,BO3,SF,7938.0,1.28,1.24,21243.0,1.09,1.03,8574.0,1.05,1.08,8575.0,0.96,0.94,150.0,0.92,0.83,21037.0,1.14,1.09,18835,1.09,1.12,20987,1.09,1.02,11154,1.08,1.09,19750.0,0.98,0.9,14.0,21.0,1
Monte,2,Virtus.pro,1,BO3,SF,16885.0,1.15,1.18,12731.0,1.1,1.06,20282.0,1.08,1.01,19733.0,1.08,1.02,16717.0,1.04,0.97,13776.0,1.17,1.39,12732,1.14,1.04,8789,1.05,1.0,20101,1.04,1.05,16612.0,1.02,0.93,7.0,10.0,1
Nouns,0,Eternal Fire,2,BO3,G,10892.0,1.14,1.11,9571.0,1.07,1.04,16546.0,1.07,1.03,17918.0,1.05,0.96,16647.0,1.03,1.0,7938.0,1.26,1.23,21243,1.07,1.01,8574,1.04,1.08,8575,0.94,0.92,150.0,0.92,0.84,42.0,14.0,0
Virtus.pro,2,GamerLegion,0,BO3,G,13776.0,1.18,1.41,12732.0,1.14,1.04,8789.0,1.05,1.0,20101.0,1.04,1.05,16612.0,1.02,0.93,20358.0,1.03,0.96,2553,1.03,0.92,10330,0.98,0.99,17937,0.92,0.83,15117.0,0.92,0.82,10.0,12.0,1
TYLOO,0,Eternal Fire,2,BO3,G,19645.0,1.15,1.2,21621.0,1.14,1.11,20895.0,1.11,1.0,8950.0,1.09,1.13,8600.0,0.76,0.64,7938.0,1.26,1.23,21243,1.07,1.01,8574,1.04,1.08,8575,0.94,0.92,150.0,0.92,0.84,29.0,14.0,0
3DMAX,1,GamerLegion,2,BO3,G,19738.0,1.2,1.03,19739.0,1.11,1.15,13138.0,1.02,1.02,9656.0,0.99,1.02,13497.0,0.86,0.64,20358.0,1.04,0.96,2553,1.02,0.93,10330,0.99,1.0,17937,0.93,0.82,15117.0,0.92,0.83,30.0,12.0,0
Virtus.pro,22,MIBR,25,BO1,G,13776.0,1.2,1.45,12732.0,1.14,1.05,20101.0,1.07,1.07,8789.0,1.05,1.01,16612.0,1.01,0.93,21037.0,1.15,1.11,18835,1.09,1.12,20987,1.09,1.02,11154,1.08,1.09,19750.0,0.98,0.9,10.0,21.0,0
Monte,13,Nouns,8,BO1,G,16885.0,1.16,1.2,19733.0,1.1,1.04,12731.0,1.09,1.04,20282.0,1.07,1.0,16717.0,1.03,0.95,10892.0,1.14,1.11,16546,1.07,1.02,9571,1.07,1.04,17918,1.05,0.95,16647.0,1.04,1.03,7.0,42.0,1
MIBR,13,GamerLegion,9,BO1,G,21037.0,1.15,1.11,18835.0,1.09,1.12,20987.0,1.09,1.02,11154.0,1.08,1.09,19750.0,0.98,0.9,20358.0,1.04,0.96,2553,1.02,0.93,10330,0.99,1.0,17937,0.93,0.82,15117.0,0.92,0.83,21.0,12.0,1
Virtus.pro,13,3DMAX,9,BO1,G,13776.0,1.2,1.45,12732.0,1.14,1.05,20101.0,1.07,1.07,8789.0,1.05,1.01,16612.0,1.01,0.93,19738.0,1.2,1.03,19739,1.11,1.15,13138,1.02,1.02,9656,0.99,1.02,13497.0,0.86,0.64,10.0,30.0,1
Nouns,13,Eternal Fire,11,BO1,G,10892.0,1.14,1.11,16546.0,1.07,1.02,9571.0,1.07,1.04,17918.0,1.05,0.95,16647.0,1.04,1.03,7938.0,1.25,1.21,21243,1.04,0.97,8574,1.03,1.07,8575,0.92,0.88,150.0,0.91,0.82,42.0,14.0,1
Monte,13,TYLOO,5,BO1,G,16885.0,1.16,1.2,19733.0,1.1,1.04,12731.0,1.09,1.04,20282.0,1.07,1.0,16717.0,1.03,0.95,19645.0,1.18,1.23,21621,1.17,1.15,20895,1.12,1.02,8950,1.11,1.16,8600.0,0.78,0.66,7.0,29.0,1
Vitality,2,FaZe,0,BO3,GF,11893.0,1.28,1.38,18221.0,1.26,1.33,16693.0,1.09,1.05,7322.0,0.99,0.91,18462.0,0.96,0.89,11816.0,1.21,1.3,18053,1.15,1.14,8183,1.09,0.99,10394,1.07,1.06,429.0,0.92,0.8,5.0,1.0,1
FaZe,2,Complexity,1,BO3,SF,11816.0,1.21,1.3,18053.0,1.15,1.15,8183.0,1.09,1.0,10394.0,1.08,1.08,429.0,0.93,0.81,8738.0,1.23,1.22,12713,1.14,1.12,13578,1.12,1.12,12840,1.11,1.17,11630.0,1.0,0.91,1.0,6.0,1
Vitality,2,Cloud9,1,BO3,SF,11893.0,1.28,1.37,18221.0,1.26,1.33,16693.0,1.06,1.02,7322.0,0.98,0.89,18462.0,0.94,0.89,8918.0,1.14,1.06,16555,1.08,1.02,16947,1.06,1.12,8528,0.99,0.91,11840.0,0.93,0.87,5.0,11.0,1
Natus Vincere,1,Complexity,2,BO3,QF,18987.0,1.16,1.19,20127.0,1.13,1.19,19206.0,1.09,1.06,14759.0,1.06,1.0,9816.0,1.02,0.92,8738.0,1.21,1.18,12713,1.12,1.1,12840,1.12,1.18,13578,1.11,1.1,11630.0,1.0,0.92,8.0,6.0,0
Cloud9,2,HEROIC,0,BO3,QF,8918.0,1.14,1.06,16555.0,1.08,1.02,16947.0,1.07,1.13,8528.0,1.0,0.92,11840.0,0.94,0.87,7398.0,1.18,1.13,14148,1.04,0.98,12018,1.04,0.93,20090,0.94,0.97,,,,11.0,32.0,1
Vitality,2,Complexity,1,BO3,G,18221.0,1.29,1.39,11893.0,1.27,1.35,16693.0,1.06,1.02,18462.0,1.0,0.92,7322.0,0.97,0.91,8738.0,1.2,1.18,12840,1.13,1.2,13578,1.11,1.11,12713,1.11,1.09,11630.0,1.0,0.93,5.0,6.0,1
HEROIC,2,Astralis,0,BO3,G,7398.0,1.19,1.14,14148.0,1.05,0.99,12018.0,1.04,0.93,20090.0,0.95,0.97,,,,15165.0,1.27,1.36,7592,1.17,1.22,20941,1.03,0.96,20304,0.98,0.92,9896.0,0.88,0.78,32.0,9.0,1
FaZe,2,Cloud9,1,BO3,G,11816.0,1.22,1.32,18053.0,1.16,1.16,8183.0,1.09,0.99,10394.0,1.09,1.09,429.0,0.92,0.81,8918.0,1.13,1.05,16555,1.08,1.02,16947,1.07,1.14,8528,0.99,0.9,11840.0,0.96,0.92,1.0,11.0,1
Ninjas in Pyjamas,0,Natus Vincere,2,BO3,G,19592.0,1.06,1.13,9278.0,1.06,1.05,9078.0,1.0,0.92,8611.0,0.85,0.72,8371.0,0.81,0.69,20127.0,1.24,1.36,18987,1.16,1.2,19206,1.12,1.09,14759,1.06,1.0,9816.0,1.02,0.93,24.0,8.0,0
Complexity,2,Astralis,0,BO3,G,8738.0,1.21,1.19,12840.0,1.14,1.21,12713.0,1.13,1.11,13578.0,1.12,1.13,11630.0,1.01,0.94,15165.0,1.28,1.4,7592,1.15,1.21,20941,1.04,0.97,20304,0.99,0.94,9896.0,0.89,0.8,6.0,9.0,1
Vitality,2,HEROIC,0,BO3,G,18221.0,1.32,1.43,11893.0,1.23,1.29,16693.0,1.03,0.96,18462.0,1.0,1.0,7322.0,0.95,0.88,7398.0,1.2,1.15,12018,1.03,0.93,14148,1.03,0.96,20090,0.76,0.68,,,,5.0,32.0,1
Cloud9,2,Natus Vincere,1,BO3,G,8918.0,1.12,1.04,16947.0,1.07,1.15,16555.0,1.07,1.01,11840.0,1.01,1.0,8528.0,1.0,0.92,20127.0,1.3,1.51,18987,1.15,1.19,19206,1.1,1.07,14759,1.05,0.98,9816.0,1.02,0.93,11.0,8.0,1
FaZe,2,Ninjas in Pyjamas,0,BO3,G,11816.0,1.22,1.33,18053.0,1.16,1.16,10394.0,1.09,1.09,8183.0,1.08,0.99,429.0,0.91,0.8,9278.0,1.07,1.07,19592,1.07,1.13,9078,0.99,0.92,8371,0.85,0.73,8611.0,0.85,0.72,1.0,24.0,1
9 Pandas,3,Eternal Fire,0,BO5,GF,20357.0,1.18,1.12,17508.0,1.11,1.04,12004.0,1.09,1.09,14273.0,1.09,1.14,3347.0,0.97,0.92,7938.0,1.24,1.18,8574,1.05,1.09,21243,1.03,0.97,8575,0.93,0.91,150.0,0.91,0.83,39.0,15.0,1
Eternal Fire,2,MIBR,0,BO3,SF,7938.0,1.26,1.2,8574.0,1.06,1.11,21243.0,1.04,0.96,8575.0,0.94,0.92,150.0,0.92,0.85,21037.0,1.15,1.1,18835,1.1,1.13,11154,1.08,1.08,20987,1.07,1.01,19750.0,0.99,0.91,15.0,24.0,1
9 Pandas,2,FURIA,1,BO3,SF,20357.0,1.17,1.11,17508.0,1.1,1.02,12004.0,1.09,1.09,14273.0,1.08,1.13,3347.0,0.97,0.91,15631.0,1.18,1.21,12553,1.14,1.12,2023,1.02,1.05,12521,1.01,0.92,10566.0,0.99,0.92,39.0,16.0,1
MIBR,2,BetBoom,0,BO3,G,21037.0,1.15,1.1,18835.0,1.11,1.14,20987.0,1.09,1.03,11154.0,1.08,1.09,19750.0,0.99,0.92,15662.0,1.14,1.17,18506,1.1,1.08,19920,1.08,0.98,16921,1.04,0.96,22039.0,1.03,0.96,24.0,13.0,1
FURIA,2,Aurora,1,BO3,G,15631.0,1.18,1.22,12553.0,1.15,1.13,2023.0,1.03,1.07,12521.0,1.02,0.93,10566.0,0.98,0.91,20113.0,1.19,1.33,19236,1.14,1.08,19882,1.07,1.05,13240,1.01,0.89,18670.0,0.99,0.95,16.0,28.0,1
PARIVISION,1,Aurora,2,BO3,G,19235.0,1.06,0.99,13157.0,1.03,0.94,19575.0,1.01,0.94,12733.0,0.93,0.93,20207.0,0.88,0.77,20113.0,1.18,1.32,19236,1.14,1.09,19882,1.08,1.06,13240,1.01,0.9,18670.0,0.99,0.95,90.0,28.0,0
Eternal Fire,2,FURIA,0,BO3,G,7938.0,1.24,1.18,8574.0,1.06,1.1,21243.0,1.02,0.95,8575.0,0.94,0.91,150.0,0.92,0.83,15631.0,1.17,1.22,12553,1.14,1.12,2023,1.03,1.07,12521,1.02,0.94,10566.0,0.96,0.89,15.0,16.0,1
Movistar Riders,1,BetBoom,2,BO3,G,21239.0,1.1,1.15,9254.0,1.02,0.94,19698.0,1.02,0.93,19509.0,1.01,0.91,8998.0,0.98,0.91,15662.0,1.15,1.19,18506,1.1,1.09,19920,1.09,1.0,16921,1.04,0.95,22039.0,1.03,0.96,18.0,13.0,0
MIBR,0,9 Pandas,2,BO3,G,21037.0,1.15,1.11,18835.0,1.1,1.14,20987.0,1.09,1.03,11154.0,1.07,1.08,19750.0,0.99,0.92,20357.0,1.18,1.12,17508,1.09,1.02,12004,1.09,1.09,14273,1.08,1.12,3347.0,0.97,0.91,24.0,39.0,0
FURIA,2,Aurora,1,BO3,G,15631.0,1.18,1.21,12553.0,1.14,1.12,2023.0,1.04,1.08,12521.0,1.02,0.93,10566.0,0.96,0.89,20113.0,1.17,1.28,19236,1.15,1.1,19882,1.08,1.05,13240,1.01,0.9,18670.0,1.0,0.97,16.0,28.0,1
Eternal Fire,2,PARIVISION,0,BO3,G,7938.0,1.24,1.17,8574.0,1.05,1.09,21243.0,1.03,0.96,8575.0,0.94,0.93,150.0,0.92,0.83,19235.0,1.06,0.98,13157,1.03,0.93,19575,1.02,0.97,12733,0.93,0.94,20207.0,0.9,0.8,15.0,90.0,1
BetBoom,0,9 Pandas,2,BO3,G,15662.0,1.14,1.16,18506.0,1.1,1.09,19920.0,1.09,1.01,16921.0,1.03,0.94,22039.0,1.02,0.95,20357.0,1.17,1.11,17508,1.09,1.02,14273,1.08,1.14,12004,1.08,1.08,3347.0,0.96,0.91,13.0,39.0,0
Movistar Riders,1,MIBR,2,BO3,G,21239.0,1.1,1.14,19509.0,1.04,0.91,19698.0,1.04,0.94,9254.0,1.03,0.94,8998.0,0.98,0.91,21037.0,1.15,1.11,18835,1.11,1.15,20987,1.08,1.02,11154,1.06,1.08,19750.0,1.01,0.94,18.0,24.0,0
MOUZ,0,FaZe,2,BO3,GF,9960.0,1.2,1.26,18850.0,1.16,1.27,18072.0,1.16,1.28,20312.0,1.11,1.02,16820.0,0.99,0.89,11816.0,1.22,1.3,18053,1.14,1.13,10394,1.08,1.08,8183,1.07,0.98,429.0,0.91,0.8,2.0,1.0,0
FaZe,2,ENCE,1,BO3,SF,11816.0,1.22,1.3,18053.0,1.14,1.13,10394.0,1.08,1.08,8183.0,1.07,0.98,429.0,0.91,0.8,9436.0,1.21,1.27,19164,1.18,1.29,16080,1.09,1.0,11777,1.03,0.98,922.0,0.9,0.81,1.0,4.0,1
Astralis,1,MOUZ,2,BO3,SF,15165.0,1.3,1.43,7592.0,1.16,1.23,20941.0,1.05,0.99,20304.0,1.0,0.94,9896.0,0.92,0.84,9960.0,1.2,1.26,18850,1.16,1.27,18072,1.16,1.28,20312,1.11,1.02,16820.0,0.99,0.89,12.0,2.0,0
ENCE,2,Ninjas in Pyjamas,1,BO3,QF,9436.0,1.2,1.27,19164.0,1.18,1.29,16080.0,1.09,1.0,11777.0,1.04,0.99,922.0,0.89,0.8,19592.0,1.08,1.16,9278,1.08,1.09,9078,0.99,0.92,8611,0.86,0.72,,,,4.0,27.0,1
Lynn Vision,0,MOUZ,2,BO3,QF,18744.0,1.09,1.05,20254.0,1.06,0.98,20702.0,1.04,1.1,16551.0,1.01,0.92,22922.0,1.0,0.93,9960.0,1.21,1.28,18072,1.21,1.36,18850,1.14,1.22,20312,1.12,1.02,16820.0,1.0,0.91,29.0,2.0,0
Wings Up,0,Ninjas in Pyjamas,2,BO3,G,9911.0,1.09,1.04,13567.0,1.07,1.08,10722.0,1.02,0.91,16872.0,1.01,0.97,16768.0,1.0,0.93,19592.0,1.1,1.19,9278,1.06,1.07,9078,0.99,0.91,8611,0.87,0.75,,,,118.0,27.0,0
MOUZ,1,FaZe,2,BO3,G,9960.0,1.21,1.26,18072.0,1.2,1.35,18850.0,1.12,1.19,20312.0,1.11,1.02,16820.0,1.0,0.91,11816.0,1.22,1.31,18053,1.17,1.19,10394,1.09,1.1,8183,1.07,0.97,429.0,0.9,0.79,2.0,1.0,0
FaZe,28,Ninjas in Pyjamas,25,BO1,G,11816.0,1.22,1.31,18053.0,1.17,1.19,10394.0,1.09,1.1,8183.0,1.07,0.97,429.0,0.9,0.79,19592.0,1.1,1.19,9278,1.06,1.07,9078,0.99,0.91,8611,0.87,0.75,,,,1.0,27.0,1
MOUZ,13,Wings Up,2,BO1,G,9960.0,1.21,1.26,18072.0,1.2,1.35,18850.0,1.12,1.19,20312.0,1.11,1.02,16820.0,1.0,0.91,9911.0,1.09,1.04,13567,1.07,1.08,10722,1.02,0.91,16872,1.01,0.97,16768.0,1.0,0.93,2.0,118.0,1
TYLOO,1,Lynn Vision,2,BO3,G,19645.0,1.21,1.32,21621.0,1.2,1.2,20895.0,1.11,1.01,8950.0,1.11,1.18,8600.0,0.75,0.6,18744.0,1.11,1.07,20254,1.09,1.01,20702,1.06,1.13,16551,1.03,0.95,22922.0,1.03,0.97,22.0,29.0,0
ENCE,1,Astralis,2,BO3,G,19164.0,1.21,1.32,9436.0,1.2,1.26,16080.0,1.09,1.0,11777.0,1.04,0.99,922.0,0.88,0.79,15165.0,1.32,1.47,7592,1.14,1.22,20941,1.06,1.0,20304,0.99,0.94,9896.0,0.91,0.82,4.0,12.0,0
Astralis,13,Lynn Vision,4,BO1,G,15165.0,1.32,1.47,7592.0,1.14,1.22,20941.0,1.06,1.0,20304.0,0.99,0.94,9896.0,0.91,0.82,18744.0,1.11,1.07,20254,1.09,1.01,20702,1.06,1.13,16551,1.03,0.95,22922.0,1.03,0.97,12.0,29.0,1
ENCE,13,TYLOO,7,BO1,G,19164.0,1.21,1.32,9436.0,1.2,1.26,16080.0,1.09,1.0,11777.0,1.04,0.99,922.0,0.88,0.79,19645.0,1.21,1.32,21621,1.2,1.2,20895,1.11,1.01,8950,1.11,1.18,8600.0,0.75,0.6,4.0,22.0,1
Complexity,1,FaZe,2,BO3,GF,8738.0,1.2,1.19,12713.0,1.14,1.13,12840.0,1.14,1.2,13578.0,1.13,1.13,11630.0,1.01,0.93,11816.0,1.16,1.21,18053,1.13,1.17,8183,1.08,1.0,10394,1.04,1.04,429.0,0.85,0.75,14.0,9.0,0
MOUZ,0,FaZe,2,BO3,SF,9960.0,1.22,1.31,18072.0,1.21,1.38,18850.0,1.1,1.16,20312.0,1.1,1.0,16820.0,1.0,0.9,11816.0,1.16,1.22,18053,1.12,1.17,8183,1.08,1.0,10394,1.07,1.09,429.0,0.85,0.74,4.0,9.0,0
G2,0,Complexity,2,BO3,SF,3741.0,1.22,1.25,19230.0,1.19,1.28,3972.0,1.11,1.1,4679.0,1.02,0.99,10096.0,0.88,0.76,8738.0,1.18,1.16,12713,1.14,1.13,13578,1.13,1.13,12840,1.12,1.18,11630.0,0.99,0.9,3.0,14.0,0
ENCE,0,FaZe,2,BO3,QF,19164.0,1.2,1.3,9436.0,1.12,1.15,16080.0,1.05,0.97,11777.0,1.0,0.95,922.0,0.91,0.84,11816.0,1.15,1.2,18053,1.11,1.17,8183,1.07,0.99,10394,1.07,1.09,429.0,0.88,0.78,2.0,9.0,0
BetBoom,0,Complexity,2,BO3,QF,15662.0,1.16,1.23,18506.0,1.11,1.11,19920.0,1.09,1.01,22039.0,1.03,0.95,16921.0,1.02,0.91,8738.0,1.18,1.17,13578,1.13,1.12,12713,1.13,1.12,12840,1.12,1.19,11630.0,0.98,0.89,42.0,14.0,0
Monte,0,Complexity,2,BO3,G,16885.0,1.15,1.19,19733.0,1.12,1.07,12731.0,1.07,1.05,20282.0,1.02,0.95,16717.0,0.99,0.94,8738.0,1.18,1.17,12840,1.12,1.2,13578,1.11,1.1,12713,1.1,1.09,11630.0,0.96,0.87,8.0,14.0,0
G2,2,ENCE,0,BO3,G,3741.0,1.23,1.26,19230.0,1.17,1.26,3972.0,1.12,1.1,4679.0,1.02,0.98,10096.0,0.88,0.77,19164.0,1.21,1.32,9436,1.13,1.17,16080,1.04,0.97,11777,1.01,0.97,922.0,0.93,0.85,3.0,2.0,1
MOUZ,2,BetBoom,1,BO3,G,9960.0,1.23,1.33,18072.0,1.22,1.41,20312.0,1.11,1.02,18850.0,1.1,1.16,16820.0,1.01,0.92,15662.0,1.17,1.26,18506,1.11,1.11,19920,1.1,1.02,22039,1.03,0.95,16921.0,1.02,0.91,4.0,42.0,1
GamerLegion,1,FaZe,2,BO3,G,2553.0,1.03,0.91,10330.0,1.01,1.03,17937.0,0.99,0.93,20358.0,0.98,0.91,15117.0,0.92,0.82,11816.0,1.15,1.2,18053,1.11,1.16,10394,1.07,1.1,8183,1.07,0.98,429.0,0.86,0.76,11.0,9.0,0
Complexity,2,Cloud9,1,BO3,G,8738.0,1.18,1.17,12840.0,1.12,1.2,13578.0,1.11,1.1,12713.0,1.1,1.09,11630.0,0.96,0.87,16920.0,1.17,1.27,16947,1.08,1.1,8918,1.08,0.97,16555,1.06,1.01,8528.0,1.0,0.91,14.0,10.0,1
Monte,2,fnatic,1,BO3,G,16885.0,1.15,1.19,19733.0,1.12,1.07,12731.0,1.07,1.05,20282.0,1.02,0.95,16717.0,0.99,0.94,19926.0,1.09,1.13,18462,1.08,1.02,7528,1.03,1.03,14419,0.99,0.9,9115.0,0.89,0.81,8.0,17.0,1
Natus Vincere,1,FaZe,2,BO3,G,7998.0,1.17,1.25,18987.0,1.14,1.19,19206.0,1.03,1.02,14759.0,1.01,0.94,9816.0,0.97,0.88,11816.0,1.13,1.17,10394,1.1,1.14,18053,1.08,1.12,8183,1.03,0.94,429.0,0.85,0.75,5.0,9.0,0
Apeks,0,GamerLegion,2,BO3,G,8248.0,1.14,1.05,13670.0,1.07,1.17,18790.0,1.05,0.99,19677.0,0.99,0.93,17450.0,0.99,0.96,2553.0,1.07,0.91,17937,1.01,0.96,10330,1.0,1.03,20358,0.98,0.91,15117.0,0.91,0.81,23.0,11.0,0
ENCE,2,fnatic,1,BO3,G,19164.0,1.23,1.34,9436.0,1.14,1.18,16080.0,1.04,0.96,11777.0,1.02,0.98,922.0,0.92,0.84,19926.0,1.1,1.15,18462,1.09,1.05,7528,1.03,1.04,14419,0.99,0.91,9115.0,0.89,0.82,2.0,17.0,1
Lynn Vision,0,Cloud9,2,BO3,G,18744.0,1.12,1.07,20254.0,1.09,1.01,20702.0,1.06,1.12,22922.0,1.03,0.98,16551.0,1.02,0.93,16920.0,1.18,1.31,16947,1.08,1.11,16555,1.07,1.03,8918,1.07,0.96,8528.0,1.0,0.92,28.0,10.0,0
Monte,2,Grayhound,0,BO3,G,16885.0,1.15,1.19,19733.0,1.12,1.07,12731.0,1.07,1.06,20282.0,1.01,0.95,16717.0,0.98,0.93,11140.0,1.1,1.04,11139,0.98,0.99,10588,0.96,0.87,17384,0.93,0.84,9102.0,0.88,0.8,8.0,29.0,1
Complexity,0,G2,2,BO3,G,8738.0,1.17,1.17,12840.0,1.12,1.2,12713.0,1.09,1.09,13578.0,1.09,1.06,11630.0,0.98,0.89,3741.0,1.22,1.26,19230,1.19,1.28,3972,1.13,1.12,4679,1.03,1.0,10096.0,0.89,0.78,14.0,3.0,0
Vitality,1,FaZe,2,BO3,G,11893.0,1.25,1.34,18221.0,1.14,1.2,9032.0,1.13,1.13,16693.0,1.06,1.03,7322.0,0.91,0.81,11816.0,1.13,1.18,10394,1.09,1.13,18053,1.06,1.09,8183,1.01,0.92,429.0,0.85,0.75,1.0,9.0,0
BetBoom,2,GamerLegion,0,BO3,G,15662.0,1.18,1.27,18506.0,1.12,1.11,19920.0,1.09,1.02,22039.0,1.05,0.97,16921.0,1.02,0.92,2553.0,1.08,0.98,17937,1.01,0.97,10330,0.99,1.01,20358,0.96,0.88,15117.0,0.91,0.82,42.0,11.0,1
Natus Vincere,1,MOUZ,2,BO3,G,7998.0,1.15,1.23,18987.0,1.12,1.16,19206.0,1.02,1.02,14759.0,1.0,0.93,9816.0,0.96,0.88,9960.0,1.24,1.33,18072,1.22,1.4,20312,1.12,1.04,18850,1.1,1.16,16820.0,1.0,0.9,5.0,4.0,0
Apeks,2,VERTEX,0,BO3,G,8248.0,1.14,1.05,13670.0,1.07,1.17,18790.0,1.06,1.01,19677.0,0.99,0.93,17450.0,0.97,0.94,20086.0,1.21,1.23,14294,1.2,1.16,11485,1.1,0.99,12588,1.05,1.02,18736.0,1.04,1.08,23.0,78.0,1
Monte,9,Complexity,13,BO1,G,16885.0,1.15,1.19,19733.0,1.12,1.07,12731.0,1.07,1.05,20282.0,1.0,0.94,16717.0,0.98,0.92,8738.0,1.17,1.17,12840,1.14,1.22,12713,1.11,1.11,13578,1.1,1.07,11630.0,0.98,0.9,8.0,14.0,0
G2,13,Grayhound,11,BO1,G,3741.0,1.22,1.26,19230.0,1.17,1.26,3972.0,1.13,1.12,4679.0,1.02,1.0,10096.0,0.89,0.78,11140.0,1.12,1.08,10588,0.96,0.88,17384,0.96,0.87,11139,0.96,0.97,9102.0,0.89,0.81,3.0,29.0,1
fnatic,13,Cloud9,10,BO1,G,19926.0,1.1,1.17,18462.0,1.1,1.05,7528.0,1.02,1.03,14419.0,0.98,0.9,9115.0,0.88,0.81,16920.0,1.18,1.31,16555,1.09,1.05,16947,1.08,1.1,8918,1.04,0.93,8528.0,1.0,0.92,17.0,10.0,1
ENCE,13,Lynn Vision,6,BO1,G,19164.0,1.23,1.34,9436.0,1.16,1.2,16080.0,1.05,0.98,11777.0,1.01,0.97,922.0,0.92,0.85,18744.0,1.12,1.08,20254,1.09,1.02,20702,1.08,1.15,22922,1.04,0.99,16551.0,1.03,0.94,2.0,28.0,1
FaZe,15,GamerLegion,19,BO1,G,11816.0,1.13,1.18,10394.0,1.09,1.13,18053.0,1.06,1.09,8183.0,1.01,0.92,429.0,0.85,0.75,2553.0,1.08,0.98,17937,1.01,0.97,10330,0.99,1.01,20358,0.96,0.88,15117.0,0.91,0.82,9.0,11.0,0
Vitality,14,BetBoom,16,BO1,G,11893.0,1.25,1.34,18221.0,1.14,1.2,9032.0,1.13,1.13,16693.0,1.06,1.03,7322.0,0.91,0.81,15662.0,1.18,1.27,18506,1.12,1.11,19920,1.09,1.02,22039,1.05,0.97,16921.0,1.02,0.92,1.0,42.0,0
Natus Vincere,13,Apeks,9,BO1,G,7998.0,1.15,1.23,18987.0,1.12,1.16,19206.0,1.02,1.02,14759.0,1.0,0.93,9816.0,0.96,0.88,8248.0,1.14,1.05,13670,1.07,1.17,18790,1.06,1.01,19677,0.99,0.93,17450.0,0.97,0.94,5.0,23.0,1
MOUZ,13,VERTEX,2,BO1,G,9960.0,1.24,1.33,18072.0,1.22,1.4,20312.0,1.12,1.04,18850.0,1.1,1.16,16820.0,1.0,0.9,20086.0,1.21,1.23,14294,1.2,1.16,11485,1.1,0.99,12588,1.05,1.02,18736.0,1.04,1.08,4.0,78.0,1
Natus Vincere,0,MOUZ,3,BO5,GF,7998.0,1.16,1.24,18987.0,1.1,1.12,19206.0,1.01,0.99,14759.0,0.99,0.92,9816.0,0.97,0.89,9960.0,1.25,1.35,18072,1.22,1.41,20312,1.11,1.02,18850,1.1,1.16,16820.0,0.98,0.89,9.0,12.0,0
ENCE,1,MOUZ,2,BO3,SF,19164.0,1.22,1.33,9436.0,1.14,1.19,16080.0,1.04,0.97,11777.0,1.02,0.98,922.0,0.93,0.86,9960.0,1.25,1.36,18072,1.21,1.4,20312,1.1,1.02,18850,1.09,1.13,16820.0,0.98,0.88,4.0,12.0,0
Monte,0,Natus Vincere,2,BO3,SF,16885.0,1.16,1.2,19733.0,1.11,1.06,12731.0,1.06,1.05,20282.0,0.99,0.93,16717.0,0.98,0.92,7998.0,1.18,1.26,18987,1.13,1.16,19206,1.01,1.0,14759,1.0,0.92,9816.0,0.98,0.9,14.0,9.0,0
G2,1,MOUZ,2,BO3,QF,3741.0,1.26,1.31,19230.0,1.17,1.27,3972.0,1.12,1.12,4679.0,1.02,0.99,10096.0,0.86,0.77,9960.0,1.27,1.38,18072,1.21,1.39,20312,1.1,1.03,18850,1.08,1.12,16820.0,1.0,0.91,3.0,12.0,0
ENCE,2,Movistar Riders,0,BO3,QF,19164.0,1.22,1.35,9436.0,1.15,1.19,16080.0,1.06,1.0,11777.0,1.01,0.98,922.0,0.94,0.87,21239.0,1.17,1.29,8998,1.02,0.96,19698,1.01,0.93,8371,0.99,0.96,9254.0,0.97,0.86,4.0,71.0,1
Natus Vincere,2,Eternal Fire,0,BO3,QF,7998.0,1.19,1.27,18987.0,1.13,1.16,19206.0,1.02,1.02,14759.0,0.99,0.92,9816.0,0.97,0.89,7938.0,1.3,1.28,8574,1.1,1.2,21243,1.06,1.02,8575,1.0,1.03,150.0,0.96,0.89,9.0,31.0,1
Vitality,0,Monte,2,BO3,QF,11893.0,1.25,1.38,9032.0,1.17,1.18,18221.0,1.14,1.21,16693.0,1.1,1.08,7322.0,0.95,0.87,16885.0,1.16,1.2,19733,1.12,1.07,12731,1.06,1.05,20282,1.0,0.93,16717.0,0.98,0.92,1.0,14.0,0
Complexity,1,Monte,2,BO3,NA,8738.0,1.16,1.16,12713.0,1.1,1.1,13578.0,1.09,1.05,12840.0,1.09,1.14,11630.0,0.94,0.85,16885.0,1.16,1.2,19733,1.11,1.06,12731,1.06,1.06,20282,0.99,0.93,16717.0,0.97,0.91,20.0,14.0,0
FaZe,0,MOUZ,2,BO3,NA,11816.0,1.13,1.19,10394.0,1.1,1.15,18053.0,1.06,1.1,8183.0,1.0,0.91,429.0,0.86,0.77,9960.0,1.27,1.4,18072,1.21,1.38,20312,1.11,1.03,18850,1.08,1.12,16820.0,1.0,0.91,5.0,12.0,0
Movistar Riders,2,9z,1,BO3,NA,21239.0,1.18,1.3,8998.0,1.04,0.99,19698.0,1.03,0.95,8371.0,1.02,0.99,9254.0,0.99,0.89,14736.0,1.17,1.27,18865,1.15,1.1,19869,1.15,1.26,20607,0.99,0.94,12092.0,0.99,0.9,71.0,27.0,1
BIG,0,Eternal Fire,2,BO3,NA,19899.0,1.12,1.16,10981.0,1.07,1.11,20104.0,1.03,0.96,5794.0,1.02,0.92,19284.0,1.02,0.93,7938.0,1.31,1.29,8574,1.1,1.21,21243,1.07,1.03,8575,1.02,1.05,150.0,0.96,0.89,21.0,31.0,0
Virtus.pro,1,9z,2,BO3,NA,13776.0,1.19,1.41,20101.0,1.12,1.13,12732.0,1.1,1.04,8789.0,1.08,1.06,16612.0,0.99,0.92,14736.0,1.18,1.28,18865,1.17,1.15,19869,1.16,1.29,12092,0.98,0.9,20607.0,0.98,0.92,10.0,27.0,0
MOUZ,2,FURIA,0,BO3,NA,9960.0,1.26,1.38,18072.0,1.21,1.39,20312.0,1.09,1.0,18850.0,1.07,1.09,16820.0,0.99,0.9,15631.0,1.16,1.19,12553,1.07,1.03,12521,1.04,0.95,2023,1.02,1.02,10566.0,0.99,0.93,12.0,23.0,1
fnatic,1,Monte,2,BO3,NA,19926.0,1.1,1.16,18462.0,1.09,1.04,7528.0,1.02,1.02,14419.0,0.99,0.91,9115.0,0.88,0.81,16885.0,1.15,1.19,19733,1.11,1.07,12731,1.06,1.05,20282,0.99,0.92,16717.0,0.96,0.9,15.0,14.0,0
Astralis,0,Eternal Fire,2,BO3,NA,15165.0,1.25,1.33,7592.0,1.2,1.32,20941.0,1.04,1.0,20304.0,0.97,0.92,9896.0,0.95,0.88,7938.0,1.3,1.28,8574,1.11,1.22,21243,1.07,1.03,8575,1.02,1.05,150.0,0.96,0.89,6.0,31.0,0
Eternal Fire,2,Liquid,0,BO3,G,7938.0,1.3,1.26,8574.0,1.11,1.22,21243.0,1.07,1.03,8575.0,1.01,1.04,150.0,0.95,0.88,8520.0,1.06,1.08,13915,1.02,0.93,13249,1.02,1.08,19673,1.0,0.92,17145.0,0.96,0.89,31.0,13.0,1
Complexity,1,G2,2,BO3,G,8738.0,1.19,1.19,12713.0,1.11,1.13,13578.0,1.11,1.06,12840.0,1.1,1.16,11630.0,0.95,0.86,3741.0,1.28,1.34,19230,1.18,1.29,3972,1.13,1.13,4679,1.02,1.0,10096.0,0.88,0.78,20.0,3.0,0
Lynn Vision,0,Liquid,2,BO3,G,20254.0,1.13,1.05,18744.0,1.11,1.07,20702.0,1.09,1.16,16551.0,1.06,0.99,22922.0,1.05,1.0,8520.0,1.06,1.08,13915,1.02,0.93,13249,1.02,1.08,19673,1.0,0.92,17145.0,0.96,0.89,60.0,13.0,0
Eternal Fire,2,Cloud9,0,BO3,G,7938.0,1.3,1.27,8574.0,1.11,1.21,21243.0,1.05,1.02,8575.0,1.01,1.02,150.0,0.96,0.89,16920.0,1.17,1.28,16947,1.07,1.08,16555,1.07,1.03,8918,1.02,0.89,8528.0,0.98,0.88,31.0,8.0,1
Virtus.pro,2,Liquid,1,BO3,G,13776.0,1.19,1.4,20101.0,1.13,1.15,12732.0,1.11,1.05,8789.0,1.09,1.07,16612.0,0.98,0.91,8520.0,1.05,1.07,13249,1.04,1.12,19673,1.02,0.95,13915,1.0,0.9,17145.0,0.97,0.9,10.0,13.0,1
Lynn Vision,2,9INE,1,BO3,G,20254.0,1.14,1.06,18744.0,1.12,1.09,20702.0,1.11,1.19,16551.0,1.06,0.99,22922.0,1.04,1.0,17504.0,1.09,1.01,16848,1.09,1.16,15428,1.03,0.98,19114,1.02,1.01,4829.0,0.91,0.82,60.0,18.0,1
Cloud9,1,Liquid,2,BO3,G,16920.0,1.17,1.28,16555.0,1.08,1.06,16947.0,1.07,1.08,8918.0,1.04,0.9,8528.0,0.99,0.89,8520.0,1.07,1.08,13249,1.05,1.12,19673,1.04,0.97,13915,1.01,0.92,17145.0,0.97,0.9,8.0,13.0,0
Eternal Fire,0,Virtus.pro,2,BO3,G,7938.0,1.29,1.26,8574.0,1.12,1.22,21243.0,1.04,1.01,8575.0,1.01,1.02,150.0,0.96,0.89,13776.0,1.18,1.38,20101,1.14,1.17,12732,1.11,1.05,8789,1.08,1.06,16612.0,0.98,0.92,31.0,10.0,0
Virtus.pro,1,G2,2,BO3,G,13776.0,1.18,1.36,20101.0,1.15,1.17,12732.0,1.12,1.06,8789.0,1.08,1.06,16612.0,0.97,0.91,3741.0,1.28,1.33,19230,1.18,1.3,3972,1.15,1.16,4679,1.03,1.01,10096.0,0.88,0.77,10.0,3.0,0
Eternal Fire,2,9INE,0,BO3,G,7938.0,1.31,1.27,8574.0,1.13,1.23,21243.0,1.04,1.01,8575.0,1.02,1.03,150.0,0.97,0.91,17504.0,1.12,1.04,16848,1.08,1.14,19114,1.02,1.01,15428,1.02,0.97,4829.0,0.91,0.83,31.0,18.0,1
Cloud9,0,Complexity,2,BO3,G,16920.0,1.16,1.28,16555.0,1.11,1.09,16947.0,1.1,1.12,8918.0,1.02,0.88,8528.0,1.01,0.91,8738.0,1.22,1.23,12840,1.12,1.2,12713,1.1,1.12,13578,1.09,1.04,11630.0,0.94,0.86,8.0,20.0,0
Liquid,2,Lynn Vision,0,BO3,G,8520.0,1.06,1.07,19673.0,1.03,0.98,13249.0,1.03,1.1,13915.0,1.0,0.92,17145.0,0.98,0.9,20254.0,1.13,1.05,18744,1.12,1.09,20702,1.11,1.2,16551,1.07,0.99,22922.0,1.05,1.02,13.0,60.0,1
Complexity,2,9INE,1,BO3,G,8738.0,1.22,1.23,12840.0,1.13,1.2,13578.0,1.09,1.03,12713.0,1.07,1.08,11630.0,0.93,0.85,17504.0,1.11,1.03,16848,1.1,1.17,15428,1.04,0.99,19114,1.02,1.01,4829.0,0.91,0.83,20.0,18.0,1
Cloud9,2,Eternal Fire,0,BO3,G,16920.0,1.18,1.31,16555.0,1.13,1.11,16947.0,1.13,1.15,8528.0,1.05,0.95,8918.0,1.02,0.88,7938.0,1.31,1.27,8574,1.11,1.22,21243,1.04,1.0,8575,1.02,1.04,150.0,0.97,0.9,8.0,31.0,1
Liquid,1,Virtus.pro,2,BO3,G,8520.0,1.05,1.06,13249.0,1.02,1.09,19673.0,1.0,0.93,13915.0,0.98,0.9,17145.0,0.93,0.83,13776.0,1.2,1.39,20101,1.16,1.17,12732,1.13,1.07,8789,1.11,1.09,16612.0,1.02,0.98,13.0,10.0,0
G2,2,Lynn Vision,0,BO3,G,3741.0,1.29,1.33,19230.0,1.17,1.28,3972.0,1.14,1.15,4679.0,1.02,0.99,10096.0,0.89,0.78,18744.0,1.14,1.11,20254,1.14,1.06,20702,1.14,1.24,16551,1.1,1.02,22922.0,1.07,1.04,3.0,60.0,1
5yclone,1,9z,2,BO3,G,21621.0,1.16,1.12,20895.0,1.11,1.0,8950.0,1.1,1.18,19645.0,1.09,1.1,8600.0,0.8,0.7,14736.0,1.19,1.29,18865,1.19,1.17,19869,1.17,1.31,20607,0.98,0.92,12092.0,0.98,0.89,59.0,27.0,0
Natus Vincere,2,FaZe,0,BO3,G,7998.0,1.17,1.26,18987.0,1.12,1.14,19206.0,1.02,1.01,14759.0,0.97,0.9,9816.0,0.97,0.88,11816.0,1.15,1.21,10394,1.14,1.21,18053,1.07,1.11,8183,1.02,0.94,429.0,0.87,0.79,9.0,5.0,1
9z,2,Apeks,0,BO3,G,14736.0,1.19,1.29,18865.0,1.19,1.17,19869.0,1.17,1.31,20607.0,0.98,0.92,12092.0,0.98,0.89,8248.0,1.12,1.04,13670,1.07,1.17,18790,1.06,1.02,19677,0.99,0.91,6904.0,0.96,0.93,27.0,16.0,1
5yclone,2,Imperial,1,BO3,G,21621.0,1.18,1.13,8950.0,1.12,1.22,19645.0,1.1,1.11,20895.0,1.1,0.99,8600.0,0.81,0.71,8568.0,1.09,1.01,8565,1.07,1.17,17861,1.06,1.03,9219,1.05,0.99,12822.0,1.02,0.94,59.0,17.0,1
fnatic,2,Apeks,1,BO3,G,19926.0,1.11,1.2,18462.0,1.09,1.04,14419.0,1.0,0.92,7528.0,1.0,1.0,9115.0,0.87,0.81,8248.0,1.13,1.06,13670,1.08,1.2,18790,1.06,1.02,19677,1.0,0.92,6904.0,0.98,0.95,15.0,16.0,1
M80,0,9z,2,BO3,G,11617.0,1.22,1.25,16599.0,1.18,1.12,17378.0,1.07,1.06,12937.0,1.05,1.13,15349.0,0.98,0.88,14736.0,1.19,1.29,18865,1.17,1.15,19869,1.16,1.31,20607,0.98,0.9,12092.0,0.97,0.87,49.0,27.0,0
Apeks,2,Imperial,0,BO3,G,8248.0,1.11,1.03,13670.0,1.07,1.17,18790.0,1.05,1.01,19677.0,1.0,0.92,6904.0,0.98,0.97,8565.0,1.09,1.19,8568,1.09,0.99,9219,1.05,1.0,17861,1.05,1.02,12822.0,1.05,0.95,16.0,17.0,1
5yclone,0,fnatic,2,BO3,G,21621.0,1.2,1.17,8950.0,1.14,1.25,19645.0,1.1,1.1,20895.0,1.08,0.97,8600.0,0.8,0.7,19926.0,1.13,1.23,18462,1.11,1.06,7528,1.01,1.0,14419,1.0,0.92,9115.0,0.89,0.83,59.0,15.0,0
FaZe,2,fnatic,1,BO3,G,11816.0,1.16,1.23,10394.0,1.16,1.23,18053.0,1.08,1.13,8183.0,1.04,0.97,429.0,0.87,0.79,19926.0,1.11,1.2,18462,1.09,1.04,7528,1.01,1.0,14419,1.0,0.91,9115.0,0.87,0.81,5.0,15.0,1
9z,0,Imperial,2,BO3,G,14736.0,1.19,1.28,19869.0,1.16,1.3,18865.0,1.16,1.14,20607.0,0.98,0.91,12092.0,0.97,0.87,8565.0,1.14,1.24,8568,1.09,1.0,17861,1.07,1.07,12822,1.03,0.94,9219.0,1.02,0.97,27.0,17.0,0
Apeks,0,Natus Vincere,2,BO3,G,8248.0,1.11,1.02,13670.0,1.07,1.18,18790.0,1.06,1.02,19677.0,0.99,0.92,6904.0,0.97,0.96,7998.0,1.17,1.27,18987,1.1,1.11,19206,1.02,1.02,9816,0.97,0.88,14759.0,0.96,0.88,16.0,9.0,0
M80,0,5yclone,2,BO3,G,11617.0,1.23,1.26,16599.0,1.19,1.14,17378.0,1.09,1.09,12937.0,1.07,1.15,15349.0,0.99,0.89,21621.0,1.21,1.18,8950,1.17,1.28,19645,1.1,1.11,20895,1.1,1.0,8600.0,0.81,0.71,49.0,59.0,0
Imperial,1,fnatic,2,BO3,G,8565.0,1.16,1.25,17861.0,1.07,1.06,12822.0,1.04,0.98,8568.0,1.03,0.93,9219.0,0.98,0.91,19926.0,1.14,1.24,18462,1.1,1.04,14419,1.04,0.96,7528,1.03,1.04,9115.0,0.9,0.84,17.0,15.0,0
FaZe,2,9z,0,BO3,G,11816.0,1.15,1.2,10394.0,1.13,1.17,18053.0,1.06,1.1,8183.0,1.0,0.93,429.0,0.89,0.81,14736.0,1.2,1.3,18865,1.19,1.16,19869,1.18,1.33,20607,0.98,0.91,12092.0,0.96,0.86,5.0,27.0,1
Natus Vincere,2,5yclone,0,BO3,G,7998.0,1.16,1.24,18987.0,1.07,1.07,19206.0,1.01,0.99,9816.0,0.97,0.88,14759.0,0.96,0.88,21621.0,1.2,1.17,8950,1.16,1.25,20895,1.1,1.01,19645,1.09,1.08,8600.0,0.82,0.72,9.0,59.0,1
Apeks,2,M80,0,BO3,G,8248.0,1.12,1.03,13670.0,1.1,1.22,18790.0,1.08,1.04,19677.0,1.0,0.93,6904.0,0.99,0.99,11617.0,1.24,1.28,16599,1.2,1.15,17378,1.1,1.1,12937,1.08,1.18,15349.0,1.01,0.92,16.0,49.0,1
Monte,2,MIBR,0,BO3,G,16885.0,1.14,1.17,19733.0,1.12,1.08,12731.0,1.06,1.07,20282.0,1.01,0.94,16717.0,0.98,0.92,18835.0,1.15,1.25,21037,1.06,0.98,11154,1.02,1.01,20987,0.99,0.9,19750.0,0.98,0.91,14.0,45.0,1
BIG,1,ENCE,2,BO3,G,19899.0,1.15,1.22,10981.0,1.07,1.11,20104.0,1.03,0.96,5794.0,1.03,0.93,19284.0,1.02,0.93,19164.0,1.19,1.29,9436,1.13,1.16,16080,1.03,0.98,11777,0.99,0.93,922.0,0.93,0.86,21.0,4.0,0
Evil Geniuses,1,MIBR,2,BO3,G,14494.0,1.12,1.23,18838.0,1.08,1.02,8735.0,1.02,0.94,20333.0,0.95,0.89,17929.0,0.91,0.83,18835.0,1.15,1.25,21037,1.06,0.98,11154,1.02,1.01,20987,0.99,0.9,19750.0,0.98,0.91,42.0,45.0,0
Monte,2,HEROIC,1,BO3,G,16885.0,1.13,1.15,19733.0,1.11,1.07,12731.0,1.05,1.05,20282.0,1.0,0.94,16717.0,0.97,0.92,10994.0,1.15,1.11,7964,1.09,1.15,14148,1.06,1.02,12018,1.05,1.0,17956.0,1.04,1.01,14.0,2.0,1
MIBR,0,MOUZ,2,BO3,G,18835.0,1.14,1.26,21037.0,1.06,1.01,11154.0,1.01,0.98,19750.0,0.98,0.89,20987.0,0.97,0.88,9960.0,1.27,1.4,18072,1.22,1.38,20312,1.06,0.99,18850,1.03,1.01,16820.0,0.97,0.87,45.0,12.0,0
Rooster,0,Evil Geniuses,2,BO3,G,18214.0,1.16,1.15,18545.0,1.15,1.06,12877.0,1.05,1.0,20527.0,1.03,0.98,17390.0,0.76,0.69,14494.0,1.15,1.27,18838,1.08,1.02,8735,1.04,0.96,20333,0.96,0.91,17929.0,0.93,0.86,104.0,42.0,0
HEROIC,0,MOUZ,2,BO3,G,10994.0,1.15,1.11,7964.0,1.08,1.14,12018.0,1.07,1.02,14148.0,1.06,1.02,17956.0,1.05,1.02,9960.0,1.28,1.43,18072,1.22,1.39,20312,1.06,0.97,18850,1.04,1.02,16820.0,0.95,0.86,2.0,12.0,0
Monte,1,MIBR,2,BO3,G,16885.0,1.14,1.16,19733.0,1.11,1.08,12731.0,1.04,1.04,20282.0,1.0,0.94,16717.0,0.97,0.91,18835.0,1.14,1.27,21037,1.08,1.02,11154,1.02,0.98,19750,1.0,0.91,20987.0,0.97,0.87,14.0,45.0,0
ENCE,2,MIBR,1,BO3,G,19164.0,1.15,1.22,9436.0,1.12,1.16,16080.0,1.03,0.99,11777.0,0.99,0.94,922.0,0.93,0.87,18835.0,1.14,1.26,21037,1.09,1.04,11154,1.03,1.0,19750,0.99,0.91,20987.0,0.95,0.84,4.0,45.0,1
Evil Geniuses,0,MOUZ,2,BO3,G,14494.0,1.14,1.26,18838.0,1.06,1.0,8735.0,1.03,0.95,20333.0,0.95,0.89,17929.0,0.93,0.85,9960.0,1.28,1.39,18072,1.22,1.39,20312,1.05,0.96,18850,1.02,1.0,16820.0,0.94,0.85,42.0,12.0,0
HEROIC,0,BIG,2,BO3,G,10994.0,1.18,1.14,7964.0,1.11,1.18,12018.0,1.1,1.06,17956.0,1.08,1.07,14148.0,1.07,1.04,19899.0,1.16,1.25,10981,1.07,1.1,20104,1.05,1.0,5794,1.04,0.94,19284.0,1.01,0.91,2.0,21.0,0
Rooster,1,Monte,2,BO3,G,18214.0,1.18,1.16,18545.0,1.16,1.08,20527.0,1.09,1.05,12877.0,1.07,1.04,17390.0,0.76,0.71,16885.0,1.14,1.16,19733,1.1,1.07,12731,1.05,1.05,20282,0.99,0.93,16717.0,0.96,0.9,104.0,14.0,0
MOUZ,1,MIBR,2,BO3,G,9960.0,1.28,1.41,18072.0,1.22,1.39,20312.0,1.05,0.95,18850.0,1.0,0.97,16820.0,0.93,0.83,18835.0,1.13,1.24,21037,1.08,1.03,11154,1.04,1.0,19750,1.01,0.94,20987.0,0.95,0.84,12.0,45.0,0
Evil Geniuses,0,ENCE,2,BO3,G,14494.0,1.16,1.28,18838.0,1.07,1.01,8735.0,1.05,0.96,20333.0,0.95,0.9,17929.0,0.93,0.86,19164.0,1.16,1.23,9436,1.09,1.12,16080,1.04,1.01,11777,0.99,0.95,922.0,0.93,0.88,42.0,4.0,0
BIG,2,Monte,1,BO3,G,19899.0,1.15,1.23,20104.0,1.07,1.01,10981.0,1.07,1.1,5794.0,1.03,0.94,19284.0,1.0,0.91,16885.0,1.13,1.16,19733,1.1,1.06,12731,1.05,1.05,20282,0.99,0.93,16717.0,0.98,0.93,21.0,14.0,1
HEROIC,2,Rooster,0,BO3,G,10994.0,1.19,1.16,7964.0,1.14,1.22,12018.0,1.12,1.09,14148.0,1.08,1.05,17956.0,1.06,1.05,18214.0,1.15,1.13,18545,1.14,1.05,20527,1.12,1.09,12877,1.05,1.05,17390.0,0.76,0.72,2.0,104.0,1
GamerLegion,0,FURIA,2,BO3,G,17937.0,1.01,0.98,10330.0,0.99,1.01,20358.0,0.95,0.86,15117.0,0.91,0.82,11940.0,0.87,0.8,15631.0,1.19,1.24,12553,1.08,1.05,12521,1.06,0.97,2023,1.03,1.04,10566.0,1.02,0.95,7.0,23.0,0
Movistar Riders,0,Vitality,2,BO3,G,21239.0,1.05,1.08,8371.0,1.04,1.02,8998.0,0.98,0.88,9254.0,0.94,0.85,19698.0,0.93,0.86,11893.0,1.24,1.34,18221,1.14,1.18,9032,1.13,1.12,16693,1.12,1.13,7322.0,0.92,0.83,71.0,1.0,0
Grayhound,0,FURIA,2,BO3,G,11140.0,1.07,1.0,17384.0,1.01,0.94,10588.0,0.97,0.86,9102.0,0.91,0.88,11139.0,0.9,0.92,15631.0,1.19,1.24,12553,1.08,1.05,12521,1.06,0.97,2023,1.03,1.04,10566.0,1.02,0.95,33.0,23.0,0
GamerLegion,2,Ninjas in Pyjamas,1,BO3,G,17937.0,1.04,1.03,10330.0,1.0,1.03,20358.0,0.97,0.88,15117.0,0.92,0.82,11940.0,0.87,0.81,19592.0,1.07,1.2,9078,0.99,0.93,13666,0.99,0.88,9278,0.98,0.96,9766.0,0.97,0.89,7.0,11.0,1
Astralis,2,FURIA,0,BO3,G,15165.0,1.24,1.33,7592.0,1.19,1.29,20941.0,1.01,0.96,20304.0,0.99,0.94,9896.0,0.95,0.88,15631.0,1.15,1.18,12553,1.08,1.04,12521,1.02,0.93,2023,1.02,1.02,10566.0,0.99,0.91,6.0,23.0,1
Grayhound,2,ORKS,1,BO3,G,11140.0,1.06,1.01,17384.0,1.06,1.0,10588.0,0.99,0.88,9102.0,0.92,0.89,11139.0,0.91,0.92,20413.0,1.03,1.07,15204,0.98,0.98,21263,0.97,0.9,8994,0.95,0.84,21265.0,0.86,0.8,33.0,52.0,1
Ninjas in Pyjamas,0,FURIA,2,BO3,G,19592.0,1.07,1.19,9078.0,1.0,0.94,13666.0,0.99,0.88,9766.0,0.96,0.88,9278.0,0.96,0.92,15631.0,1.15,1.18,12553,1.09,1.05,2023,1.04,1.05,12521,1.04,0.94,10566.0,1.0,0.91,11.0,23.0,0
GamerLegion,0,Astralis,2,BO3,G,17937.0,1.04,1.03,10330.0,1.02,1.05,20358.0,0.95,0.86,15117.0,0.92,0.82,11940.0,0.85,0.79,15165.0,1.21,1.27,7592,1.21,1.32,20941,1.01,0.95,20304,0.99,0.95,9896.0,0.95,0.89,7.0,6.0,0
ORKS,0,Astralis,2,BO3,G,20413.0,1.02,1.05,21263.0,1.0,0.93,15204.0,0.96,0.95,8994.0,0.96,0.85,21265.0,0.85,0.79,7592.0,1.22,1.33,15165,1.21,1.28,20941,1.02,0.96,20304,0.99,0.94,9896.0,0.94,0.87,52.0,6.0,0
Vitality,2,Ninjas in Pyjamas,0,BO3,G,11893.0,1.23,1.33,18221.0,1.13,1.18,16693.0,1.13,1.14,9032.0,1.11,1.1,7322.0,0.91,0.82,19592.0,1.07,1.19,9078,1.0,0.94,13666,1.0,0.89,9766,0.97,0.89,9278.0,0.95,0.93,1.0,11.0,1
Movistar Riders,2,GamerLegion,0,BO3,G,21239.0,1.07,1.11,8371.0,1.05,1.05,8998.0,1.01,0.93,19698.0,0.96,0.88,9254.0,0.93,0.84,17937.0,1.03,1.02,10330,1.03,1.06,20358,0.96,0.88,15117,0.95,0.84,11940.0,0.87,0.8,71.0,7.0,1
FURIA,2,Grayhound,0,BO3,G,15631.0,1.17,1.2,12553.0,1.07,1.02,2023.0,1.04,1.04,12521.0,1.04,0.93,10566.0,1.0,0.92,11140.0,1.07,1.02,17384,1.06,0.98,10588,0.97,0.86,9102,0.91,0.88,11139.0,0.84,0.84,23.0,33.0,1
Astralis,0,Ninjas in Pyjamas,2,BO3,G,7592.0,1.2,1.31,15165.0,1.19,1.25,20941.0,1.0,0.94,20304.0,0.98,0.93,9896.0,0.93,0.85,19592.0,1.08,1.22,9078,1.01,0.96,13666,1.0,0.89,9766,0.97,0.9,9278.0,0.97,0.95,6.0,11.0,0
Vitality,2,ORKS,0,BO3,G,11893.0,1.23,1.32,16693.0,1.12,1.12,18221.0,1.12,1.16,9032.0,1.11,1.1,7322.0,0.9,0.81,20413.0,1.06,1.11,21263,1.01,0.95,8994,0.99,0.87,15204,0.98,0.98,21265.0,0.88,0.82,1.0,52.0,1
FURIA,0,Movistar Riders,2,BO3,G,15631.0,1.12,1.14,12553.0,1.05,0.98,2023.0,1.03,1.03,12521.0,0.98,0.88,10566.0,0.96,0.88,21239.0,1.09,1.13,8371,1.02,1.01,8998,0.96,0.88,19698,0.95,0.86,9254.0,0.9,0.8,23.0,71.0,0
Grayhound,0,GamerLegion,2,BO3,G,17384.0,1.16,1.09,11140.0,1.08,1.03,10588.0,0.98,0.91,11139.0,0.93,0.92,9102.0,0.9,0.85,17937.0,1.05,1.05,10330,1.04,1.07,20358,0.98,0.9,15117,0.95,0.84,11940.0,0.87,0.8,33.0,7.0,0
Sweden,2,Germany,0,BO3,GF,,,,14218.0,1.18,1.18,20878.0,1.15,1.06,16486.0,1.12,1.12,21159.0,1.08,1.02,,,,20169,1.24,1.2,21468,1.18,1.21,14932,1.12,1.09,21500.0,1.08,1.01,,244.0,1
Serbia,2,TRAFFIC Tashkent,0,BO3,NA,,,,20813.0,1.36,1.33,20685.0,1.25,1.33,20253.0,1.16,1.25,12379.0,0.99,1.06,22638.0,1.13,1.11,18989,1.02,0.97,22635,1.0,1.0,23084,0.93,0.89,,,,82.0,151.0,1
TRAFFIC Tashkent,0,Germany,2,BO3,SF,22638.0,1.17,1.17,18989.0,1.06,1.01,22635.0,1.02,1.05,23084.0,0.96,0.93,23083.0,0.86,0.78,,,,20169,1.44,1.53,21468,1.14,1.18,21500,1.12,1.08,14932.0,1.09,1.01,151.0,244.0,0
Serbia,0,Sweden,2,BO3,SF,,,,20813.0,1.05,0.92,20253.0,1.02,1.11,20685.0,0.95,0.8,12379.0,0.85,0.81,,,,14218,1.28,1.42,21159,1.25,1.22,20878,1.09,1.0,16486.0,1.06,1.06,82.0,,0
Sweden,2,Romania,0,BO3,QF,,,,20878.0,1.29,1.25,14218.0,1.23,1.32,21159.0,1.21,1.08,16486.0,1.1,1.16,,,,17116,1.22,1.26,9626,1.11,1.22,12945,0.98,0.82,19817.0,0.94,0.95,,81.0,1
Serbia,1,Ukraine,0,BO3,QF,,,,,,,,,,,,,,,,,,,22842,1.93,2.15,21452,1.62,1.96,19590,1.24,1.3,19614.0,1.15,2.08,82.0,89.0,1
Germany,2,Astralis Talent,0,BO3,QF,,,,20169.0,1.51,1.85,21500.0,1.19,1.1,21468.0,1.08,1.03,14932.0,1.01,0.88,21199.0,1.13,1.1,21036,1.07,0.9,21773,0.99,1.0,22866,0.98,1.01,10938.0,0.98,0.94,244.0,158.0,1
TRAFFIC Tashkent,2,Hungary,1,BO3,QF,22638.0,1.19,1.22,18989.0,1.07,1.01,22635.0,1.02,1.05,23084.0,0.99,0.96,23083.0,0.87,0.81,,,,13317,1.21,1.17,21786,1.13,1.08,12317,1.06,1.07,19084.0,0.99,0.96,151.0,64.0,1
Poland,0,Hungary,2,BO3,NA,,,,20349.0,1.04,0.96,20384.0,0.89,0.93,22703.0,0.87,0.72,17905.0,0.87,0.72,,,,13317,1.39,1.43,12317,1.17,1.19,21786,1.16,1.31,14202.0,1.1,1.33,,64.0,0
North Macedonia,0,Astralis Talent,2,BO3,NA,,,,20066.0,1.07,1.08,16186.0,1.03,0.86,23459.0,0.94,0.82,18788.0,0.88,0.85,21199.0,1.12,1.1,21036,1.09,0.91,21773,1.02,1.04,22866,0.99,1.03,10938.0,0.96,0.93,,158.0,0
Romania,2,Czech Republic,1,BO3,NA,,,,9626.0,1.32,1.59,17116.0,1.28,1.32,19817.0,0.9,0.88,12945.0,0.85,0.72,,,,13567,1.31,1.46,12810,1.21,1.13,8488,0.96,0.94,12612.0,0.93,0.78,81.0,,1
Ukraine,2,Australia,0,BO3,NA,,,,22842.0,1.93,2.15,21452.0,1.62,1.96,19590.0,1.24,1.3,19614.0,1.15,2.08,,,,20244,0.82,0.8,11162,0.77,0.71,19190,0.61,0.47,20351.0,0.57,0.53,89.0,139.0,1
Revenant,0,Gods Reign,2,BO3,GF,19730.0,1.21,1.24,19581.0,1.17,1.12,23452.0,1.02,1.03,16091.0,0.95,0.9,13547.0,0.79,0.68,23430.0,1.45,1.93,21601,1.41,1.49,23429,1.33,1.6,19563,1.12,0.96,,,,,,0
Marcos,0,Gods Reign,2,BO3,SF,21602.0,1.28,1.23,20013.0,0.96,0.91,23322.0,0.95,0.93,16079.0,0.94,0.8,23321.0,0.8,0.75,23430.0,1.81,2.93,21601,1.53,1.95,23429,1.47,1.85,19563,1.19,1.14,21604.0,0.93,0.65,150.0,,0
7Sea,1,Revenant,2,BO3,SF,23324.0,1.16,1.15,23327.0,1.02,0.93,23326.0,0.94,0.94,23323.0,0.91,0.86,23325.0,0.84,0.73,19730.0,1.19,1.23,19581,1.19,1.13,23452,1.12,1.16,16091,1.0,0.98,13547.0,0.84,0.75,209.0,,0
ENCE,1,Vitality,2,BO3,GF,19164.0,1.19,1.28,9436.0,1.09,1.09,16080.0,1.02,0.99,11777.0,1.01,0.98,922.0,0.96,0.91,11893.0,1.24,1.33,18221,1.12,1.15,9032,1.12,1.1,16693,1.12,1.12,7322.0,0.92,0.83,4.0,2.0,0
Vitality,2,G2,1,BO3,SF,11893.0,1.23,1.32,16693.0,1.14,1.13,9032.0,1.13,1.11,18221.0,1.13,1.16,7322.0,0.93,0.85,3741.0,1.29,1.32,19230,1.17,1.25,3972,1.1,1.1,4679,1.01,0.99,10096.0,0.85,0.74,2.0,3.0,1
HEROIC,0,ENCE,2,BO3,SF,10994.0,1.18,1.16,7964.0,1.13,1.21,12018.0,1.07,1.03,14148.0,1.06,1.04,17956.0,1.06,1.03,19164.0,1.18,1.27,9436,1.1,1.1,16080,1.03,1.0,11777,1.0,0.97,922.0,0.97,0.92,1.0,4.0,0
G2,2,Virtus.pro,1,BO3,QF,3741.0,1.29,1.31,19230.0,1.18,1.26,3972.0,1.1,1.1,4679.0,1.02,1.0,10096.0,0.86,0.75,13776.0,1.18,1.36,12732,1.18,1.14,20101,1.16,1.19,8789,1.13,1.13,13239.0,1.07,1.04,3.0,16.0,1
Cloud9,0,ENCE,2,BO3,QF,16920.0,1.17,1.32,16555.0,1.09,1.03,16947.0,1.09,1.11,8918.0,1.0,0.88,8528.0,1.0,0.92,19164.0,1.18,1.26,9436,1.09,1.09,16080,1.01,0.99,11777,1.0,0.97,922.0,0.97,0.93,7.0,4.0,0
GamerLegion,1,HEROIC,2,BO3,QF,10330.0,1.05,1.09,17937.0,1.03,0.99,20358.0,0.95,0.88,15117.0,0.87,0.75,11940.0,0.84,0.76,10994.0,1.19,1.18,7964,1.15,1.24,14148,1.07,1.05,12018,1.07,1.04,17956.0,1.07,1.04,8.0,1.0,0
Vitality,2,Natus Vincere,0,BO3,QF,11893.0,1.25,1.35,16693.0,1.16,1.18,18221.0,1.13,1.16,9032.0,1.12,1.1,7322.0,0.94,0.86,7998.0,1.15,1.23,18987,1.07,1.07,19206,0.99,0.97,9816,0.95,0.87,14759.0,0.95,0.86,2.0,9.0,1
FaZe,1,Virtus.pro,2,BO3,NA,11816.0,1.13,1.21,10394.0,1.12,1.14,18053.0,1.08,1.12,8183.0,1.03,0.95,429.0,0.83,0.73,13776.0,1.21,1.42,12732,1.2,1.17,20101,1.16,1.19,8789,1.13,1.13,13239.0,1.09,1.07,5.0,16.0,0
9INE,1,G2,2,BO3,NA,16848.0,1.11,1.18,17504.0,1.1,1.01,15428.0,1.04,0.99,19114.0,1.02,1.02,4829.0,0.93,0.84,3741.0,1.29,1.31,19230,1.19,1.27,3972,1.1,1.1,4679,1.03,1.01,10096.0,0.86,0.75,18.0,3.0,0
Natus Vincere,2,FURIA,1,BO3,NA,7998.0,1.15,1.22,18987.0,1.09,1.07,19206.0,1.02,1.0,14759.0,0.95,0.87,9816.0,0.95,0.87,15631.0,1.09,1.07,12553,1.06,1.0,2023,1.0,0.98,10566,0.99,0.92,12521.0,0.94,0.85,9.0,19.0,1
Liquid,0,ENCE,2,BO3,NA,8520.0,1.09,1.08,13249.0,1.03,1.1,13915.0,1.03,0.94,19673.0,1.0,0.93,17145.0,0.9,0.79,19164.0,1.17,1.25,9436,1.07,1.06,16080,1.0,0.97,11777,0.98,0.94,922.0,0.97,0.94,12.0,4.0,0
MIBR,0,Vitality,2,BO3,NA,21037.0,1.2,1.19,18835.0,1.16,1.29,11154.0,1.13,1.16,20987.0,1.11,1.04,19750.0,1.01,0.91,11893.0,1.25,1.35,18221,1.13,1.15,16693,1.12,1.11,9032,1.11,1.08,7322.0,0.94,0.86,40.0,2.0,0
HEROIC,2,Falcons,0,BO3,NA,10994.0,1.18,1.15,7964.0,1.15,1.25,14148.0,1.08,1.04,17956.0,1.06,1.02,12018.0,1.05,1.01,19763.0,1.11,1.05,16847,1.02,1.01,8374,0.97,0.93,7168,0.95,0.9,20761.0,0.85,0.83,1.0,104.0,1
Apeks,0,GamerLegion,2,BO3,NA,13670.0,1.14,1.32,8248.0,1.11,1.02,18790.0,1.03,1.01,6904.0,0.99,0.96,19677.0,0.98,0.92,10330.0,1.06,1.12,17937,1.05,1.02,20358,0.95,0.88,15117,0.9,0.8,11940.0,0.87,0.8,15.0,8.0,0
Cloud9,2,fnatic,0,BO3,NA,16920.0,1.19,1.36,16555.0,1.12,1.07,16947.0,1.12,1.14,8918.0,1.02,0.89,8528.0,1.02,0.95,19926.0,1.13,1.24,18462,1.1,1.07,14419,1.03,0.93,7528,1.01,1.06,9115.0,0.94,0.92,7.0,14.0,1
ENCE,1,G2,3,BO5,GF,19164.0,1.14,1.2,9436.0,1.07,1.05,16080.0,1.0,0.96,11777.0,0.99,0.95,922.0,0.96,0.9,3741.0,1.27,1.28,19230,1.2,1.26,3972,1.1,1.11,4679,1.08,1.08,10096.0,0.85,0.74,5.0,4.0,0
G2,2,Astralis,0,BO3,SF,3741.0,1.25,1.25,19230.0,1.18,1.23,3972.0,1.1,1.11,4679.0,1.08,1.08,10096.0,0.84,0.73,15165.0,1.23,1.31,7592,1.23,1.34,20941,1.02,0.96,20304,1.0,0.95,9896.0,0.95,0.88,4.0,12.0,1
ENCE,2,Vitality,1,BO3,SF,19164.0,1.17,1.25,9436.0,1.08,1.08,16080.0,1.01,0.99,11777.0,1.01,0.98,922.0,0.96,0.9,11893.0,1.25,1.35,18221,1.13,1.17,16693,1.11,1.1,9032,1.11,1.08,7322.0,0.94,0.86,5.0,2.0,1
HEROIC,0,Astralis,2,BO3,QF,10994.0,1.19,1.16,7964.0,1.15,1.25,14148.0,1.07,1.04,17956.0,1.06,1.02,12018.0,1.04,1.0,15165.0,1.23,1.32,7592,1.23,1.35,20941,1.03,0.98,20304,1.01,0.96,9896.0,0.97,0.9,1.0,12.0,0
Vitality,2,Cloud9,0,BO3,QF,11893.0,1.27,1.38,16693.0,1.14,1.14,18221.0,1.14,1.16,9032.0,1.12,1.09,7322.0,0.94,0.86,16920.0,1.18,1.35,16555,1.16,1.12,16947,1.08,1.08,8528,1.02,0.94,8918.0,1.01,0.88,2.0,10.0,1
Astralis,2,Natus Vincere,1,BO3,G,15165.0,1.23,1.31,7592.0,1.23,1.33,20304.0,1.0,0.94,20941.0,0.99,0.93,9896.0,0.98,0.91,7998.0,1.14,1.19,18987,1.06,1.04,19206,1.03,1.01,14759,0.96,0.86,9816.0,0.94,0.87,12.0,15.0,1
ENCE,2,HEROIC,1,BO3,G,19164.0,1.14,1.22,9436.0,1.1,1.1,16080.0,1.03,1.0,11777.0,1.0,0.98,922.0,0.96,0.9,10994.0,1.2,1.18,7964,1.16,1.27,14148,1.08,1.06,17956,1.07,1.04,12018.0,1.05,1.02,5.0,1.0,1
Cloud9,2,GamerLegion,1,BO3,G,16555.0,1.19,1.19,16920.0,1.18,1.34,16947.0,1.09,1.1,8528.0,1.06,0.99,8918.0,1.06,0.94,10330.0,1.11,1.21,17937,1.03,0.99,20358,0.97,0.9,15117,0.95,0.85,11940.0,0.77,0.68,10.0,6.0,1
Vitality,1,G2,2,BO3,G,11893.0,1.26,1.37,16693.0,1.14,1.18,18221.0,1.14,1.16,9032.0,1.13,1.11,7322.0,0.93,0.85,3741.0,1.24,1.24,19230,1.18,1.22,3972,1.09,1.09,4679,1.08,1.08,10096.0,0.85,0.74,2.0,4.0,0
FaZe,0,Natus Vincere,2,BO3,G,11816.0,1.15,1.24,18053.0,1.12,1.18,10394.0,1.09,1.07,8183.0,1.03,0.94,429.0,0.83,0.72,7998.0,1.14,1.19,18987,1.06,1.04,19206,1.03,1.01,14759,0.96,0.86,9816.0,0.94,0.87,3.0,15.0,0
MOUZ,0,Astralis,2,BO3,G,9960.0,1.24,1.38,20312.0,1.04,0.92,18072.0,1.02,1.07,18850.0,0.95,0.84,16820.0,0.93,0.75,15165.0,1.23,1.31,7592,1.23,1.33,20304,1.0,0.94,20941,0.99,0.93,9896.0,0.98,0.91,14.0,12.0,0
fnatic,1,GamerLegion,2,BO3,G,19926.0,1.16,1.3,18462.0,1.11,1.09,14419.0,1.03,0.95,7528.0,1.0,1.03,9115.0,0.95,0.95,10330.0,1.14,1.26,17937,1.01,0.96,15117,0.95,0.86,20358,0.91,0.83,11940.0,0.82,0.75,17.0,6.0,0
Cloud9,2,Monte,0,BO3,G,16555.0,1.19,1.19,16920.0,1.15,1.31,16947.0,1.15,1.19,8918.0,1.04,0.89,8528.0,1.04,0.97,16885.0,1.12,1.18,19733,1.1,1.07,12731,1.09,1.1,16717,1.02,0.98,20282.0,0.96,0.91,10.0,11.0,1
Natus Vincere,2,OG,1,BO3,G,7998.0,1.12,1.16,18987.0,1.06,1.03,19206.0,1.02,0.99,14759.0,0.97,0.87,9816.0,0.96,0.89,20123.0,1.13,1.27,19044,0.99,0.93,11954,0.97,0.81,12781,0.95,0.91,9618.0,0.88,0.82,15.0,55.0,1
G2,2,FaZe,0,BO3,G,3741.0,1.24,1.24,19230.0,1.17,1.2,3972.0,1.1,1.1,4679.0,1.07,1.08,10096.0,0.84,0.74,11816.0,1.16,1.25,18053,1.13,1.19,10394,1.1,1.09,8183,1.04,0.95,429.0,0.83,0.72,4.0,3.0,1
Astralis,2,Ninjas in Pyjamas,0,BO3,G,15165.0,1.24,1.31,7592.0,1.23,1.35,9896.0,1.01,0.96,20304.0,0.99,0.92,20941.0,0.98,0.92,19592.0,1.13,1.27,9078,1.06,1.02,9278,1.05,1.03,13666,1.05,0.97,9766.0,0.97,0.9,12.0,8.0,1
MOUZ,0,Vitality,2,BO3,G,9960.0,1.26,1.4,20312.0,1.05,0.92,18072.0,1.02,1.08,18850.0,0.96,0.88,16820.0,0.93,0.72,11893.0,1.28,1.4,16693,1.17,1.24,18221,1.16,1.18,9032,1.15,1.14,7322.0,0.94,0.87,14.0,2.0,0
GamerLegion,2,TheMongolz,1,BO3,G,10330.0,1.15,1.27,17937.0,1.01,0.97,15117.0,0.94,0.84,20358.0,0.88,0.77,11940.0,0.86,0.81,20194.0,1.13,1.06,21809,1.08,1.07,20275,1.03,0.96,21001,0.96,0.87,12956.0,0.84,0.77,6.0,30.0,1
Monte,0,HEROIC,2,BO3,G,16885.0,1.13,1.19,19733.0,1.1,1.07,12731.0,1.1,1.11,16717.0,1.02,1.01,20282.0,0.97,0.92,10994.0,1.21,1.19,7964,1.17,1.29,17956,1.08,1.06,14148,1.08,1.06,12018.0,1.05,1.01,11.0,1.0,0
FaZe,2,Ninjas in Pyjamas,1,BO3,G,11816.0,1.17,1.27,18053.0,1.15,1.21,10394.0,1.11,1.1,8183.0,1.05,0.96,429.0,0.84,0.73,19592.0,1.13,1.29,9078,1.07,1.03,13666,1.06,0.98,9278,1.05,1.03,9766.0,1.01,0.95,3.0,8.0,1
fnatic,0,ENCE,2,BO3,G,18462.0,1.13,1.12,19926.0,1.12,1.2,14419.0,1.04,0.96,7528.0,0.99,1.01,9115.0,0.9,0.88,19164.0,1.13,1.21,9436,1.11,1.11,16080,1.01,0.99,11777,0.99,0.96,922.0,0.95,0.87,17.0,5.0,0
Cloud9,2,9INE,1,BO3,G,16555.0,1.19,1.19,16920.0,1.13,1.26,16947.0,1.12,1.15,8528.0,1.03,0.98,8918.0,0.99,0.84,16848.0,1.1,1.15,17504,1.08,1.0,15428,1.05,1.01,19114,1.04,1.04,4829.0,0.92,0.83,10.0,20.0,1
Vitality,2,OG,0,BO3,G,11893.0,1.26,1.39,16693.0,1.15,1.19,18221.0,1.15,1.16,9032.0,1.13,1.11,7322.0,0.95,0.88,20123.0,1.14,1.28,19044,0.99,0.94,12781,0.98,0.95,11954,0.97,0.81,9618.0,0.85,0.78,2.0,55.0,1
HEROIC,2,TheMongolz,1,BO3,G,10994.0,1.2,1.18,7964.0,1.18,1.29,17956.0,1.08,1.07,14148.0,1.08,1.06,12018.0,1.05,1.0,20194.0,1.13,1.06,20275,1.04,0.98,21809,1.0,0.99,21001,0.99,0.93,12956.0,0.85,0.77,1.0,30.0,1
Natus Vincere,0,MOUZ,2,BO3,G,7998.0,1.12,1.16,19206.0,1.03,1.0,18987.0,1.03,0.99,14759.0,0.95,0.84,9816.0,0.95,0.87,9960.0,1.27,1.41,20312,1.07,0.95,18850,1.05,0.97,18072,1.03,1.1,16820.0,1.02,0.83,15.0,14.0,0
G2,2,Astralis,1,BO3,G,3741.0,1.24,1.23,19230.0,1.15,1.17,4679.0,1.08,1.08,3972.0,1.07,1.07,10096.0,0.83,0.73,15165.0,1.23,1.3,7592,1.21,1.31,20304,0.99,0.92,20941,0.99,0.92,9896.0,0.97,0.9,4.0,12.0,1
ENCE,2,9INE,1,BO3,G,19164.0,1.14,1.22,9436.0,1.1,1.09,16080.0,1.05,1.04,11777.0,0.98,0.94,922.0,0.96,0.89,16848.0,1.09,1.14,17504,1.08,1.0,15428,1.04,1.01,19114,1.02,1.03,4829.0,0.91,0.82,5.0,20.0,1
Cloud9,1,fnatic,2,BO3,G,16555.0,1.2,1.21,16920.0,1.17,1.32,8528.0,1.05,0.99,8918.0,0.98,0.81,16947.0,0.98,0.93,19926.0,1.15,1.22,18462,1.15,1.14,14419,1.06,0.99,7528,1.02,1.05,9115.0,0.93,0.93,10.0,17.0,0
GamerLegion,0,Monte,2,BO3,G,10330.0,1.09,1.18,17937.0,0.98,0.92,15117.0,0.9,0.79,20358.0,0.78,0.69,11940.0,0.64,0.58,16885.0,1.13,1.2,19733,1.11,1.09,12731,1.1,1.12,16717,1.07,1.13,20282.0,0.98,0.93,6.0,11.0,0
Natus Vincere,2,G2,0,BO3,NA,7998.0,1.14,1.18,18987.0,1.04,1.0,19206.0,1.02,0.98,14759.0,0.99,0.86,9816.0,0.97,0.9,3741.0,1.24,1.23,19230,1.15,1.16,4679,1.08,1.1,3972,1.06,1.05,10096.0,0.83,0.72,,4.0,1
Vitality,2,BIG,0,BO3,NA,11893.0,1.26,1.37,18221.0,1.13,1.16,9032.0,1.13,1.1,16693.0,1.09,1.08,7322.0,0.95,0.89,19899.0,1.16,1.24,5794,1.11,1.0,10981,1.1,1.14,20104,0.92,0.85,19284.0,0.88,0.8,2.0,50.0,1
Liquid,0,Astralis,2,BO3,NA,8520.0,1.16,1.15,13249.0,1.08,1.19,13915.0,1.08,1.03,19673.0,1.05,0.95,17145.0,0.95,0.87,15165.0,1.26,1.35,7592,1.22,1.33,9896,1.01,0.94,20941,1.01,0.94,20304.0,1.0,0.96,9.0,16.0,0
Evil Geniuses,1,G2,2,BO3,NA,8735.0,1.1,1.03,14494.0,1.03,1.06,18838.0,0.87,0.76,20333.0,0.84,0.75,17929.0,0.82,0.76,3741.0,1.24,1.23,19230,1.17,1.18,4679,1.09,1.12,3972,1.05,1.04,10096.0,0.83,0.73,40.0,4.0,0
OG,1,BIG,2,BO3,NA,20123.0,1.14,1.27,19044.0,0.96,0.91,12781.0,0.94,0.92,11954.0,0.89,0.72,9618.0,0.87,0.79,19899.0,1.16,1.25,5794,1.11,1.0,10981,1.02,1.02,20104,0.92,0.85,19284.0,0.9,0.84,,50.0,0
Astralis,2,Complexity,0,BO3,NA,15165.0,1.26,1.36,7592.0,1.21,1.32,20941.0,1.01,0.94,9896.0,1.0,0.89,20304.0,0.96,0.92,8738.0,1.12,1.07,13578,0.99,0.92,12713,0.98,0.91,12840,0.95,0.93,11630.0,0.84,0.72,16.0,22.0,1
Liquid,0,FaZe,2,BO3,G,8520.0,1.18,1.18,13915.0,1.1,1.06,13249.0,1.09,1.2,19673.0,1.04,0.94,17145.0,0.94,0.85,11816.0,1.16,1.26,18053,1.14,1.19,10394,1.11,1.09,8183,1.04,0.95,429.0,0.84,0.73,9.0,3.0,0
HEROIC,2,Natus Vincere,1,BO3,G,10994.0,1.19,1.16,7964.0,1.14,1.23,17956.0,1.09,1.07,14148.0,1.06,1.03,12018.0,1.04,0.99,7998.0,1.11,1.14,14759,1.02,0.9,19206,1.0,0.96,18987,0.98,0.92,9816.0,0.96,0.93,1.0,,1
Vitality,0,Ninjas in Pyjamas,2,BO3,G,11893.0,1.27,1.39,18221.0,1.18,1.21,9032.0,1.12,1.1,16693.0,1.12,1.17,7322.0,0.93,0.86,19592.0,1.14,1.31,9278,1.06,1.04,13666,1.06,0.98,9078,1.05,1.01,9766.0,0.99,0.93,2.0,13.0,0
FaZe,2,G2,0,BO3,G,11816.0,1.14,1.23,18053.0,1.13,1.17,10394.0,1.08,1.05,8183.0,1.03,0.93,429.0,0.82,0.71,3741.0,1.2,1.17,19230,1.19,1.2,4679,1.09,1.14,3972,1.07,1.05,10096.0,0.83,0.73,3.0,4.0,1
Natus Vincere,2,BIG,0,BO3,G,7998.0,1.13,1.17,19206.0,1.04,0.99,14759.0,1.0,0.85,9816.0,0.98,0.96,18987.0,0.98,0.92,19899.0,1.16,1.24,5794,1.09,0.98,10981,0.96,0.93,19284,0.88,0.83,20104.0,0.84,0.75,,50.0,1
Complexity,1,Ninjas in Pyjamas,2,BO3,G,8738.0,1.16,1.13,13578.0,1.0,0.94,12713.0,0.98,0.91,12840.0,0.97,0.96,11630.0,0.85,0.74,19592.0,1.16,1.32,9278,1.07,1.05,9078,1.05,1.01,9766,1.04,0.99,13666.0,1.04,0.96,22.0,13.0,0
OG,0,G2,2,BO3,G,20123.0,1.15,1.32,19044.0,0.95,0.91,9618.0,0.89,0.82,12781.0,0.87,0.84,11954.0,0.81,0.6,3741.0,1.23,1.21,19230,1.22,1.23,4679,1.11,1.17,3972,1.06,1.05,10096.0,0.84,0.73,,4.0,0
FaZe,1,Liquid,2,BO3,G,11816.0,1.13,1.21,18053.0,1.13,1.18,10394.0,1.06,1.02,8183.0,1.03,0.94,429.0,0.82,0.72,8520.0,1.2,1.21,13915,1.13,1.09,13249,1.11,1.23,19673,1.09,0.99,17145.0,1.02,0.94,3.0,9.0,0
BIG,2,Astralis,1,BO3,G,19899.0,1.16,1.25,5794.0,1.11,0.99,10981.0,0.99,0.96,20104.0,0.89,0.84,19284.0,0.87,0.83,15165.0,1.24,1.33,7592,1.21,1.3,20941,1.0,0.93,9896,0.98,0.84,20304.0,0.96,0.93,50.0,16.0,1
HEROIC,2,Natus Vincere,0,BO3,G,10994.0,1.21,1.2,7964.0,1.12,1.21,17956.0,1.1,1.08,14148.0,1.07,1.04,12018.0,1.05,1.01,7998.0,1.14,1.18,19206,1.04,0.96,18987,0.97,0.9,9816,0.96,0.94,14759.0,0.9,0.72,1.0,,1
Evil Geniuses,0,Ninjas in Pyjamas,2,BO3,G,8735.0,1.12,1.06,14494.0,0.98,1.0,20333.0,0.86,0.73,18838.0,0.83,0.71,17929.0,0.79,0.7,19592.0,1.16,1.32,9078,1.07,1.03,9278,1.07,1.04,13666,1.05,0.97,9766.0,1.03,0.96,40.0,13.0,0
Vitality,2,Complexity,0,BO3,G,11893.0,1.28,1.41,18221.0,1.2,1.24,16693.0,1.17,1.38,9032.0,1.15,1.13,7322.0,0.95,0.89,8738.0,1.14,1.02,13578,1.01,0.96,12713,0.98,0.9,12840,0.94,0.91,11630.0,0.85,0.73,2.0,22.0,1
G2,1,Liquid,2,BO3,G,3741.0,1.22,1.19,19230.0,1.18,1.2,4679.0,1.1,1.13,3972.0,1.05,1.04,10096.0,0.82,0.7,8520.0,1.2,1.2,13915,1.14,1.12,19673,1.12,1.02,13249,1.11,1.22,17145.0,1.04,0.87,4.0,9.0,0
FaZe,2,OG,0,BO3,G,11816.0,1.16,1.25,18053.0,1.14,1.19,10394.0,1.06,1.02,8183.0,1.05,0.96,429.0,0.83,0.72,20123.0,1.2,1.4,9618,1.02,0.98,19044,0.97,0.92,12781,0.96,0.93,11954.0,0.89,0.75,3.0,,1
Natus Vincere,2,Astralis,1,BO3,G,7998.0,1.17,1.22,19206.0,1.11,0.99,18987.0,0.98,0.92,14759.0,0.98,0.82,9816.0,0.97,0.97,15165.0,1.25,1.33,7592,1.21,1.3,20304,1.02,1.0,20941,0.99,0.91,9896.0,0.87,0.74,,16.0,1
HEROIC,2,BIG,0,BO3,G,10994.0,1.2,1.19,7964.0,1.11,1.19,17956.0,1.1,1.07,14148.0,1.06,1.03,12018.0,1.05,1.0,19899.0,1.15,1.23,5794,1.11,1.0,10981,0.98,0.97,19284,0.87,0.86,20104.0,0.86,0.74,1.0,50.0,1
Ninjas in Pyjamas,1,Complexity,2,BO3,G,19592.0,1.14,1.29,9078.0,1.08,1.05,9278.0,1.07,1.06,13666.0,1.06,0.98,9766.0,1.05,0.96,8738.0,1.31,1.29,13578,1.03,0.99,12713,1.0,0.92,12840,0.97,0.94,11630.0,0.86,0.74,13.0,22.0,0
Vitality,2,Evil Geniuses,0,BO3,G,11893.0,1.28,1.42,18221.0,1.19,1.22,16693.0,1.16,1.38,9032.0,1.14,1.12,7322.0,0.95,0.89,8735.0,1.12,1.06,14494,1.07,1.11,17929,0.75,0.68,20333,0.71,0.53,18838.0,0.47,0.3,2.0,40.0,1
Virtus.pro,2,9z,0,BO3,GF,12732.0,1.28,1.28,13776.0,1.26,1.63,20101.0,1.18,1.24,8789.0,1.15,1.17,13239.0,1.13,1.14,19869.0,1.15,1.23,18865,1.13,1.09,14736,1.12,1.18,12092,0.97,0.88,20607.0,0.94,0.87,10.0,23.0,1
Virtus.pro,2,ENCE,1,BO3,GF,13776.0,1.16,1.35,12732.0,1.14,1.11,16612.0,1.06,0.92,20101.0,1.02,0.99,13239.0,1.01,0.96,9436.0,1.13,1.13,19164,1.13,1.23,16080,1.08,1.07,11777,0.97,0.93,922.0,0.97,0.88,22.0,4.0,1
FORZE,0,ENCE,2,BO3,SF,15662.0,1.13,1.27,17011.0,1.11,1.1,20709.0,1.05,1.0,12027.0,1.01,0.93,13157.0,0.98,0.91,9436.0,1.13,1.13,19164,1.13,1.23,16080,1.08,1.07,11777,0.97,0.93,922.0,0.97,0.88,20.0,4.0,0
Virtus.pro,2,9z,0,BO3,SF,13776.0,1.16,1.35,12732.0,1.14,1.11,16612.0,1.06,0.92,20101.0,1.02,0.99,13239.0,1.01,0.96,19869.0,1.17,1.27,14736,1.16,1.25,18865,1.16,1.1,12092,1.01,0.92,20607.0,0.95,0.89,22.0,29.0,1
ENCE,2,Party Astronauts,0,BO3,G,9436.0,1.15,1.15,19164.0,1.13,1.24,16080.0,1.09,1.09,11777.0,0.99,0.95,922.0,0.97,0.88,15090.0,1.19,1.29,17353,1.12,0.99,19705,1.08,1.09,18761,0.95,0.9,13250.0,0.88,0.8,4.0,57.0,1
9z,2,ECSTATIC,1,BO3,G,19869.0,1.19,1.29,14736.0,1.18,1.28,18865.0,1.17,1.11,12092.0,1.02,0.93,20607.0,0.97,0.91,8891.0,1.06,1.01,13749,1.06,0.99,21379,1.05,1.12,20300,1.04,1.0,15349.0,1.0,0.87,29.0,30.0,1
Bravado,1,Party Astronauts,2,BO3,G,18882.0,1.38,1.42,14904.0,1.21,1.24,21150.0,1.16,1.22,17371.0,0.98,0.94,18883.0,0.96,0.89,15090.0,1.19,1.29,17353,1.12,0.99,19705,1.08,1.09,18761,0.95,0.9,13250.0,0.88,0.8,130.0,57.0,0
ECSTATIC,2,paiN,0,BO3,G,8891.0,1.07,1.02,13749.0,1.06,0.98,21379.0,1.05,1.11,20300.0,1.04,1.0,15349.0,1.0,0.87,18676.0,1.16,1.18,18141,1.13,1.09,19692,1.08,1.13,9482,1.01,0.96,16817.0,1.0,0.99,30.0,23.0,1
FORZE,16,9z,11,BO1,G,15662.0,1.14,1.28,17011.0,1.12,1.12,20709.0,1.06,1.02,12027.0,1.02,0.94,13157.0,0.98,0.91,19869.0,1.18,1.3,18865,1.17,1.12,14736,1.17,1.27,12092,1.02,0.93,20607.0,0.97,0.91,20.0,29.0,1
ENCE,17,Virtus.pro,19,BO1,G,9436.0,1.14,1.14,19164.0,1.13,1.24,16080.0,1.09,1.07,11777.0,0.99,0.94,922.0,0.97,0.87,13776.0,1.09,1.18,12732,1.08,1.01,20101,0.93,0.85,13239,0.93,0.89,16612.0,0.82,0.68,4.0,22.0,0
paiN,7,9z,16,BO1,G,18676.0,1.16,1.18,18141.0,1.13,1.09,19692.0,1.08,1.13,9482.0,1.01,0.96,16817.0,1.0,0.99,19869.0,1.18,1.3,18865,1.17,1.12,14736,1.17,1.27,12092,1.02,0.93,20607.0,0.97,0.91,23.0,29.0,0
ECSTATIC,12,FORZE,16,BO1,G,8891.0,1.07,1.02,13749.0,1.06,0.98,21379.0,1.05,1.11,20300.0,1.04,1.0,15349.0,1.0,0.87,15662.0,1.14,1.28,17011,1.12,1.12,20709,1.06,1.02,12027,1.02,0.94,13157.0,0.98,0.91,30.0,20.0,0
Party Astronauts,13,Virtus.pro,16,BO1,G,15090.0,1.2,1.31,17353.0,1.12,0.99,19705.0,1.09,1.1,18761.0,0.95,0.89,13250.0,0.89,0.81,13776.0,1.09,1.18,12732,1.08,1.01,20101,0.93,0.85,13239,0.93,0.89,16612.0,0.82,0.68,57.0,22.0,0
ENCE,16,Bravado,11,BO1,G,9436.0,1.14,1.14,19164.0,1.13,1.24,16080.0,1.09,1.07,11777.0,0.99,0.94,922.0,0.97,0.87,18882.0,1.44,1.5,14904,1.25,1.29,21150,1.19,1.29,17371,0.99,0.94,18883.0,0.98,0.92,4.0,130.0,1
HEROIC,2,Vitality,1,BO3,GF,10994.0,1.18,1.16,17956.0,1.11,1.08,7964.0,1.09,1.15,14148.0,1.08,1.05,12018.0,1.05,1.01,11893.0,1.3,1.42,18221,1.18,1.21,9032,1.1,1.07,7398,1.02,0.98,7322.0,0.93,0.86,2.0,1.0,1
G2,1,Vitality,2,BO3,SF,19230.0,1.2,1.25,3741.0,1.19,1.18,3972.0,1.07,1.07,4679.0,1.07,1.1,10096.0,0.86,0.76,11893.0,1.3,1.42,18221,1.18,1.21,9032,1.1,1.07,7398,1.02,0.98,7322.0,0.93,0.86,5.0,1.0,0
HEROIC,2,Imperial,1,BO3,SF,10994.0,1.2,1.17,17956.0,1.1,1.07,7964.0,1.08,1.14,14148.0,1.07,1.04,12018.0,1.05,1.01,8568.0,1.13,1.1,17861,1.13,1.17,10566,1.1,1.08,12822,1.1,1.06,2023.0,1.03,1.06,2.0,33.0,1
Vitality,2,FaZe,0,BO3,QF,11893.0,1.33,1.49,18221.0,1.18,1.21,9032.0,1.12,1.1,7398.0,1.03,0.99,7322.0,0.96,0.9,11816.0,1.17,1.26,18053,1.13,1.21,10394,1.07,1.05,8183,1.05,0.96,429.0,0.84,0.73,1.0,3.0,1
Imperial,2,Complexity,0,BO3,QF,8568.0,1.15,1.12,17861.0,1.13,1.18,10566.0,1.11,1.1,12822.0,1.1,1.06,2023.0,1.03,1.05,12840.0,1.01,1.03,13578,1.0,0.95,12713,0.99,0.9,17372,0.97,0.92,11630.0,0.89,0.78,33.0,25.0,1
HEROIC,2,FaZe,0,BO3,G,10994.0,1.2,1.18,17956.0,1.1,1.07,14148.0,1.09,1.07,7964.0,1.09,1.14,12018.0,1.05,1.02,11816.0,1.17,1.26,18053,1.13,1.21,10394,1.07,1.05,8183,1.05,0.96,429.0,0.84,0.73,2.0,3.0,1
Complexity,2,Astralis,1,BO3,G,12840.0,1.01,1.03,13578.0,0.99,0.95,12713.0,0.99,0.9,17372.0,0.98,0.92,11630.0,0.89,0.77,7592.0,1.23,1.3,15165,1.21,1.27,20941,1.0,0.94,16705,0.98,0.92,7412.0,0.96,0.9,25.0,17.0,1
Imperial,1,G2,2,BO3,G,8568.0,1.15,1.14,17861.0,1.13,1.17,10566.0,1.12,1.11,12822.0,1.1,1.05,2023.0,1.02,1.04,19230.0,1.21,1.27,3741,1.19,1.18,3972,1.08,1.09,4679,1.07,1.1,10096.0,0.88,0.77,33.0,5.0,0
Vitality,2,Cloud9,0,BO3,G,11893.0,1.35,1.52,18221.0,1.18,1.22,9032.0,1.12,1.1,7398.0,1.03,0.99,7322.0,0.97,0.91,16920.0,1.25,1.44,16555,1.18,1.19,8528,1.1,1.06,11942,0.97,0.94,16921.0,0.93,0.82,1.0,6.0,1
FaZe,2,Astralis,0,BO3,G,11816.0,1.19,1.29,18053.0,1.14,1.22,8183.0,1.08,1.0,10394.0,1.08,1.06,429.0,0.86,0.75,7592.0,1.24,1.31,15165,1.2,1.26,16705,1.01,0.96,20941,1.0,0.94,7412.0,0.96,0.9,3.0,17.0,1
HEROIC,2,Complexity,0,BO3,G,10994.0,1.2,1.18,17956.0,1.1,1.07,14148.0,1.09,1.07,7964.0,1.08,1.12,12018.0,1.05,1.02,12840.0,1.01,1.03,13578,0.99,0.94,17372,0.96,0.9,12713,0.96,0.87,11630.0,0.89,0.78,2.0,25.0,1
G2,2,Cloud9,0,BO3,G,19230.0,1.2,1.26,3741.0,1.16,1.14,4679.0,1.09,1.12,3972.0,1.07,1.07,10096.0,0.86,0.77,16920.0,1.25,1.43,16555,1.18,1.19,8528,1.11,1.07,11942,0.98,0.95,16921.0,0.93,0.83,5.0,6.0,1
Vitality,0,Imperial,2,BO3,G,11893.0,1.35,1.52,18221.0,1.19,1.25,9032.0,1.12,1.1,7398.0,1.04,1.0,7322.0,0.98,0.91,8568.0,1.18,1.18,17861,1.15,1.2,10566,1.14,1.15,12822,1.11,1.07,2023.0,1.04,1.06,1.0,33.0,0
Nigma Galaxy,2,NAVI Javelins,0,BO3,GF,12758.0,1.2,1.32,18775.0,1.12,1.12,21756.0,1.09,1.02,1572.0,1.06,0.97,16497.0,1.05,1.03,22062.0,1.37,1.5,22065,1.22,1.27,16760,1.09,0.99,22063,1.09,1.12,21727.0,1.03,0.96,175.0,180.0,1
NAVI Javelins,2,FlyQuest RED,0,BO3,SF,22062.0,1.37,1.5,22065.0,1.22,1.27,16760.0,1.09,0.99,22063.0,1.09,1.12,21727.0,1.03,0.96,8850.0,1.2,1.16,21793,0.98,0.97,21732,0.98,0.9,18641,0.96,0.9,22066.0,0.95,0.91,180.0,198.0,1
Nigma Galaxy,2,B4 fe,0,BO3,SF,12758.0,1.2,1.32,18775.0,1.12,1.12,21756.0,1.09,1.02,1572.0,1.06,0.97,16497.0,1.05,1.03,21801.0,1.22,1.23,21799,1.14,1.13,17287,1.06,1.02,20502,1.05,1.04,21800.0,0.98,0.89,175.0,190.0,1
B4 fe,2,Black Dragons fe,1,BO3,G,21801.0,1.24,1.26,21799.0,1.15,1.15,17287.0,1.08,1.04,20502.0,1.05,1.05,21800.0,0.97,0.88,20503.0,1.21,1.15,22270,1.21,1.19,9241,1.06,1.15,22232,0.96,0.89,17291.0,0.94,0.89,190.0,184.0,1
9 Pandas Fearless,0,FlyQuest RED,2,BO3,G,18780.0,1.17,1.22,18773.0,1.16,1.14,10285.0,1.14,1.05,18778.0,1.14,1.11,18781.0,1.08,1.07,8850.0,1.31,1.29,21793,1.15,1.2,22066,1.14,1.19,21732,1.01,0.91,18641.0,0.93,0.91,179.0,198.0,0
HSG fe,0,Black Dragons fe,2,BO3,G,15964.0,0.93,0.8,19103.0,0.83,0.72,10743.0,0.78,0.65,11215.0,0.71,0.62,,,,20503.0,1.21,1.15,22270,1.21,1.19,9241,1.06,1.15,22232,0.96,0.89,17291.0,0.94,0.89,,184.0,0
FlyQuest RED,2,Shimmer,0,BO3,G,8850.0,1.31,1.29,21793.0,1.15,1.2,22066.0,1.14,1.19,21732.0,1.01,0.91,18641.0,0.93,0.91,22302.0,1.34,1.18,23060,1.08,1.12,23059,1.06,1.05,23058,1.02,0.97,22111.0,1.01,0.99,198.0,193.0,1
9 Pandas Fearless,7,Nigma Galaxy,16,BO1,G,18780.0,1.17,1.22,18773.0,1.16,1.14,10285.0,1.14,1.05,18778.0,1.14,1.11,18781.0,1.08,1.07,12758.0,1.16,1.23,18775,1.12,1.1,21756,1.1,1.02,16497,1.06,1.06,1572.0,1.04,0.95,179.0,175.0,0
NAVI Javelins,16,B4 fe,14,BO1,G,22062.0,1.41,1.56,22065.0,1.25,1.3,22063.0,1.08,1.1,16760.0,1.07,0.97,21727.0,1.04,1.01,21801.0,1.23,1.25,21799,1.16,1.15,17287,1.07,1.02,20502,1.02,1.03,21800.0,0.97,0.88,180.0,190.0,1
Nigma Galaxy,16,Shimmer,2,BO1,G,12758.0,1.17,1.24,18775.0,1.11,1.09,21756.0,1.08,1.0,16497.0,1.03,1.02,1572.0,1.03,0.94,22302.0,1.34,1.19,23060,1.1,1.16,23058,1.06,1.01,23059,1.06,1.04,22111.0,1.03,1.02,175.0,193.0,1
FlyQuest RED,10,9 Pandas Fearless,16,BO1,G,8850.0,1.29,1.24,22066.0,1.0,0.86,21793.0,0.9,0.8,18641.0,0.73,0.62,21732.0,0.42,0.4,18773.0,1.2,1.21,18778,1.19,1.17,18780,1.17,1.23,10285,1.16,1.1,18781.0,1.12,1.11,198.0,179.0,0
Black Dragons fe,13,B4 fe,16,BO1,G,20503.0,1.23,1.15,22270.0,1.19,1.16,9241.0,1.06,1.16,17291.0,0.96,0.89,22232.0,0.94,0.88,21801.0,1.23,1.25,21799,1.16,1.15,17287,1.07,1.02,20502,1.02,1.03,21800.0,0.97,0.88,184.0,190.0,0
NAVI Javelins,16,HSG fe,6,BO1,G,22062.0,1.41,1.56,22065.0,1.25,1.3,22063.0,1.08,1.1,16760.0,1.07,0.97,21727.0,1.04,1.01,19103.0,0.85,0.68,11215,0.85,0.76,10743,0.82,0.74,15964,0.81,0.67,,,,180.0,,1
MOUZ,0,ENCE,2,BO3,GF,9960.0,1.2,1.29,20312.0,1.08,0.98,18072.0,1.04,1.09,14929.0,0.99,0.97,9115.0,0.87,0.79,19164.0,1.14,1.26,9436,1.14,1.13,16080,1.09,1.08,11777,0.98,0.94,922.0,0.97,0.87,18.0,11.0,0
ENCE,2,FaZe,1,BO3,SF,9436.0,1.13,1.12,19164.0,1.13,1.25,16080.0,1.09,1.08,11777.0,0.98,0.93,922.0,0.97,0.87,11816.0,1.19,1.28,18053,1.14,1.22,10394,1.07,1.05,8183,1.07,0.99,429.0,0.85,0.74,11.0,3.0,1
HEROIC,1,MOUZ,2,BO3,SF,10994.0,1.18,1.17,14148.0,1.1,1.09,17956.0,1.09,1.04,7964.0,1.07,1.12,12018.0,1.03,0.99,9960.0,1.2,1.3,20312,1.09,1.0,18072,1.05,1.11,14929,0.98,0.94,9115.0,0.89,0.81,2.0,18.0,0
G2,1,FaZe,2,BO3,QF,19230.0,1.2,1.26,3741.0,1.17,1.15,4679.0,1.09,1.13,3972.0,1.06,1.06,10096.0,0.87,0.77,11816.0,1.19,1.28,18053,1.14,1.22,10394,1.07,1.05,8183,1.07,0.99,429.0,0.85,0.74,6.0,3.0,0
Astralis,0,MOUZ,2,BO3,QF,7592.0,1.26,1.34,15165.0,1.21,1.26,16705.0,1.02,0.97,20941.0,1.01,0.96,7412.0,0.97,0.9,9960.0,1.2,1.3,20312,1.1,1.02,18072,1.06,1.13,14929,0.98,0.95,9115.0,0.9,0.82,25.0,18.0,0
ENCE,2,Astralis,1,BO3,G,9436.0,1.14,1.13,19164.0,1.14,1.25,16080.0,1.11,1.1,922.0,0.97,0.86,11777.0,0.97,0.91,7592.0,1.26,1.34,15165,1.21,1.27,16705,1.03,0.98,20941,1.02,0.97,7412.0,0.99,0.92,11.0,25.0,1
FaZe,2,Cloud9,1,BO3,G,11816.0,1.18,1.27,18053.0,1.14,1.23,10394.0,1.08,1.06,8183.0,1.05,0.97,429.0,0.86,0.76,16920.0,1.25,1.44,16555,1.18,1.19,8528,1.11,1.07,11942,0.97,0.94,16921.0,0.94,0.83,3.0,5.0,1
MOUZ,2,OG,0,BO3,G,9960.0,1.22,1.34,20312.0,1.13,1.05,18072.0,1.06,1.14,14929.0,0.98,0.94,9115.0,0.9,0.83,17306.0,1.16,1.24,16693,1.11,1.02,19044,0.98,0.94,15821,0.98,0.92,10264.0,0.97,0.92,18.0,17.0,1
G2,0,HEROIC,2,BO3,G,19230.0,1.2,1.28,3741.0,1.18,1.17,4679.0,1.11,1.17,3972.0,1.1,1.11,10096.0,0.89,0.79,10994.0,1.2,1.2,17956,1.12,1.09,7964,1.09,1.14,14148,1.09,1.06,12018.0,1.05,1.02,6.0,2.0,0
Complexity,1,Cloud9,2,BO3,G,12840.0,1.08,1.14,13578.0,0.98,0.93,17372.0,0.98,0.92,12713.0,0.96,0.87,11630.0,0.91,0.8,16920.0,1.26,1.46,16555,1.18,1.2,8528,1.12,1.09,11942,0.98,0.95,16921.0,0.94,0.83,24.0,5.0,0
FaZe,2,Liquid,0,BO3,G,11816.0,1.18,1.27,18053.0,1.13,1.22,10394.0,1.09,1.07,8183.0,1.04,0.96,429.0,0.86,0.76,13915.0,1.15,1.1,8520,1.14,1.13,8738,1.08,1.02,13249,1.08,1.19,7687.0,0.95,0.89,3.0,8.0,1
Cloud9,0,Astralis,2,BO3,G,16920.0,1.26,1.46,16555.0,1.18,1.2,8528.0,1.12,1.09,11942.0,0.98,0.95,16921.0,0.94,0.83,7592.0,1.24,1.31,15165,1.23,1.3,16705,1.06,1.02,20941,1.02,0.98,7412.0,1.0,0.94,5.0,25.0,0
OG,2,9z,0,BO3,G,17306.0,1.16,1.24,16693.0,1.11,1.02,19044.0,0.98,0.94,15821.0,0.98,0.92,10264.0,0.97,0.92,19869.0,1.16,1.25,14736,1.15,1.24,18865,1.13,1.06,12092,1.01,0.91,20607.0,0.94,0.87,17.0,40.0,1
FaZe,0,ENCE,2,BO3,G,11816.0,1.18,1.26,18053.0,1.12,1.21,10394.0,1.07,1.05,8183.0,1.05,0.96,429.0,0.86,0.76,9436.0,1.15,1.14,19164,1.13,1.24,16080,1.11,1.09,11777,0.96,0.91,922.0,0.96,0.85,3.0,11.0,0
FURIA,0,MOUZ,2,BO3,G,15631.0,1.2,1.26,12553.0,1.09,1.06,18835.0,1.02,1.08,12521.0,0.98,0.86,19750.0,0.9,0.85,9960.0,1.2,1.3,20312,1.13,1.05,18072,1.06,1.14,14929,0.97,0.93,9115.0,0.89,0.81,12.0,18.0,0
Liquid,2,Grayhound,0,BO3,G,13915.0,1.16,1.11,8520.0,1.14,1.15,8738.0,1.09,1.04,13249.0,1.08,1.2,7687.0,0.96,0.91,11140.0,1.16,1.11,17384,1.09,1.04,10588,1.07,1.04,11139,0.99,1.01,9102.0,0.91,0.84,8.0,27.0,1
Evil Geniuses,0,Complexity,2,BO3,G,8735.0,1.17,1.09,9136.0,1.0,0.98,17930.0,0.97,0.92,11940.0,0.96,0.86,10610.0,0.94,0.9,12840.0,1.08,1.14,17372,1.0,0.94,13578,0.98,0.94,12713,0.98,0.89,11630.0,0.93,0.82,54.0,24.0,0
fnatic,1,9z,2,BO3,G,18462.0,1.06,1.04,13602.0,1.05,1.07,7528.0,1.01,1.02,14419.0,1.01,0.91,11954.0,1.0,0.93,19869.0,1.16,1.26,14736,1.16,1.24,18865,1.15,1.09,12092,1.02,0.93,20607.0,0.95,0.88,14.0,40.0,0
MOUZ,0,HEROIC,2,BO3,G,9960.0,1.2,1.3,20312.0,1.13,1.05,18072.0,1.06,1.14,14929.0,0.97,0.93,9115.0,0.89,0.81,10994.0,1.2,1.2,17956,1.11,1.09,7964,1.08,1.11,14148,1.08,1.04,12018.0,1.05,1.02,18.0,2.0,0
G2,2,OG,0,BO3,G,19230.0,1.22,1.32,3741.0,1.21,1.21,4679.0,1.13,1.2,3972.0,1.12,1.15,10096.0,0.92,0.83,17306.0,1.16,1.24,16693,1.11,1.02,15821,0.99,0.93,10264,0.98,0.93,19044.0,0.98,0.94,6.0,17.0,1
FURIA,2,Nouns,0,BO3,G,15631.0,1.21,1.28,12553.0,1.09,1.07,18835.0,1.04,1.11,12521.0,0.99,0.88,19750.0,0.91,0.86,16546.0,1.17,1.13,10892,1.12,1.12,16647,1.12,1.09,9571,1.05,1.02,17918.0,1.02,0.95,12.0,34.0,1
Liquid,17,Astralis,19,BO1,G,13915.0,1.17,1.12,8520.0,1.14,1.14,8738.0,1.1,1.04,13249.0,1.07,1.19,7687.0,0.97,0.92,7592.0,1.23,1.3,15165,1.22,1.28,16705,1.06,1.02,20941,1.01,0.97,7412.0,0.99,0.93,8.0,25.0,0
Cloud9,16,Grayhound,2,BO1,G,16920.0,1.27,1.47,16555.0,1.18,1.21,8528.0,1.13,1.1,11942.0,0.98,0.95,16921.0,0.94,0.84,11140.0,1.17,1.12,10588,1.08,1.04,17384,1.07,1.02,11139,0.99,1.01,9102.0,0.93,0.86,5.0,27.0,1
FaZe,19,Evil Geniuses,17,BO1,G,11816.0,1.19,1.27,18053.0,1.13,1.21,10394.0,1.08,1.06,8183.0,1.06,0.97,429.0,0.86,0.76,8735.0,1.18,1.11,9136,1.02,1.01,11940,0.98,0.88,17930,0.96,0.92,10610.0,0.96,0.93,3.0,54.0,1
ENCE,16,Complexity,7,BO1,G,9436.0,1.14,1.14,19164.0,1.12,1.22,16080.0,1.11,1.1,11777.0,0.96,0.9,922.0,0.96,0.84,12840.0,1.08,1.14,17372,0.98,0.92,13578,0.96,0.91,12713,0.95,0.86,11630.0,0.91,0.8,11.0,24.0,1
HEROIC,16,9z,9,BO1,G,10994.0,1.19,1.18,17956.0,1.11,1.08,14148.0,1.07,1.03,7964.0,1.07,1.1,12018.0,1.06,1.03,18865.0,1.16,1.1,19869,1.16,1.25,14736,1.14,1.23,12092,1.03,0.94,20607.0,0.95,0.88,2.0,40.0,1
fnatic,9,MOUZ,16,BO1,G,18462.0,1.06,1.04,13602.0,1.05,1.06,7528.0,1.01,1.02,14419.0,1.01,0.91,11954.0,1.0,0.93,9960.0,1.21,1.3,20312,1.12,1.05,18072,1.1,1.2,14929,0.96,0.91,9115.0,0.87,0.78,14.0,18.0,0
FURIA,14,OG,16,BO1,G,15631.0,1.21,1.28,12553.0,1.09,1.07,18835.0,1.04,1.11,12521.0,0.99,0.88,19750.0,0.91,0.86,17306.0,1.16,1.24,16693,1.11,1.02,15821,0.99,0.93,10264,0.98,0.93,19044.0,0.98,0.94,12.0,17.0,0
G2,16,Nouns,5,BO1,G,19230.0,1.22,1.32,3741.0,1.21,1.21,4679.0,1.13,1.2,3972.0,1.12,1.15,10096.0,0.92,0.83,16546.0,1.17,1.13,10892,1.12,1.12,16647,1.12,1.09,9571,1.05,1.02,17918.0,1.02,0.95,6.0,34.0,1
Bad News Eagles,0,Movistar Riders,2,BO3,GF,17147.0,1.07,1.05,12708.0,1.07,0.97,19725.0,1.06,1.15,18120.0,1.02,0.94,15778.0,0.9,0.83,21239.0,1.11,1.17,8371,1.1,1.07,9254,1.05,0.98,18749,1.03,1.02,19509.0,0.94,0.87,23.0,25.0,0
Movistar Riders,2,ECSTATIC,0,BO3,SF,21239.0,1.11,1.17,8371.0,1.1,1.07,9254.0,1.05,0.98,18749.0,1.03,1.02,19509.0,0.94,0.87,13749.0,1.05,0.99,21379,1.05,1.09,20300,1.02,0.96,15349,1.02,0.87,8891.0,1.0,0.95,25.0,55.0,1
Grayhound,1,Bad News Eagles,2,BO3,SF,11140.0,1.21,1.17,10588.0,1.11,1.08,17384.0,1.08,1.03,11139.0,1.02,1.06,9102.0,0.96,0.91,17147.0,1.07,1.05,12708,1.07,0.97,19725,1.06,1.15,18120,1.02,0.94,15778.0,0.9,0.83,26.0,23.0,0
Complexity,1,ECSTATIC,2,BO3,G,12840.0,1.11,1.16,13578.0,1.07,1.03,17372.0,1.01,0.96,12713.0,1.01,0.95,11630.0,0.92,0.82,13749.0,1.05,0.99,21379,1.05,1.1,15349,1.03,0.88,20300,1.02,0.97,8891.0,1.01,0.96,18.0,55.0,0
Bad News Eagles,2,Rare Atom,1,BO3,G,17147.0,1.08,1.06,12708.0,1.07,0.97,19725.0,1.05,1.13,18120.0,1.02,0.95,15778.0,0.89,0.81,19645.0,1.16,1.13,20895,1.14,1.08,21621,1.13,1.1,8950,1.08,1.16,8600.0,0.86,0.76,23.0,31.0,1
ECSTATIC,2,EG Black,1,BO3,G,13749.0,1.05,0.99,21379.0,1.05,1.1,15349.0,1.03,0.88,20300.0,1.02,0.97,8891.0,1.01,0.96,14494.0,1.27,1.53,18838,1.1,1.07,20333,1.09,1.03,7805,1.04,0.99,17929.0,0.98,0.95,55.0,48.0,1
VERTEX,1,Rare Atom,2,BO3,G,14294.0,1.18,1.14,20086.0,1.13,1.16,11485.0,1.13,1.09,18736.0,1.1,1.11,12588.0,0.97,0.93,19645.0,1.16,1.13,20895,1.14,1.07,21621,1.12,1.09,8950,1.08,1.16,8600.0,0.86,0.76,79.0,31.0,0
Bad News Eagles,11,Movistar Riders,16,BO1,G,17147.0,1.08,1.06,12708.0,1.08,0.97,19725.0,1.06,1.13,18120.0,1.03,0.95,15778.0,0.89,0.81,21239.0,1.09,1.13,8371,1.08,1.04,9254,1.03,0.96,18749,1.03,1.02,19509.0,0.93,0.87,23.0,25.0,0
Complexity,11,Grayhound,16,BO1,G,12840.0,1.11,1.16,13578.0,1.08,1.03,12713.0,1.0,0.96,17372.0,1.0,0.95,11630.0,0.91,0.8,11140.0,1.23,1.2,10588,1.11,1.09,17384,1.08,1.03,11139,1.02,1.06,9102.0,0.97,0.92,18.0,26.0,0
Rare Atom,16,Movistar Riders,19,BO1,G,19645.0,1.16,1.13,20895.0,1.14,1.07,21621.0,1.12,1.09,8950.0,1.08,1.16,8600.0,0.86,0.76,21239.0,1.09,1.13,8371,1.08,1.04,9254,1.03,0.96,18749,1.03,1.02,19509.0,0.93,0.87,31.0,25.0,0
Bad News Eagles,16,VERTEX,10,BO1,G,17147.0,1.08,1.06,12708.0,1.08,0.97,19725.0,1.06,1.13,18120.0,1.03,0.95,15778.0,0.89,0.81,14294.0,1.18,1.14,20086,1.13,1.16,11485,1.13,1.09,18736,1.1,1.11,12588.0,0.97,0.93,23.0,79.0,1
EG Black,10,Grayhound,16,BO1,G,14494.0,1.27,1.53,18838.0,1.11,1.07,20333.0,1.09,1.03,7805.0,1.05,1.01,17929.0,0.98,0.94,11140.0,1.23,1.2,10588,1.11,1.09,17384,1.08,1.03,11139,1.02,1.06,9102.0,0.97,0.92,48.0,26.0,0
Complexity,16,ECSTATIC,14,BO1,G,12840.0,1.11,1.16,13578.0,1.08,1.03,12713.0,1.0,0.96,17372.0,1.0,0.95,11630.0,0.91,0.8,13749.0,1.06,1.01,21379,1.06,1.09,15349,1.02,0.88,20300,1.01,0.95,8891.0,1.01,0.97,18.0,55.0,1
